,a,b,f1
433,umag_rmag_Jmag,gmag_Hamag_Jmag,0.850828729281768
1,umag_gmag_rmag,umag_gmag_Hamag,0.8505747126436781
199,umag_gmag_Jmag,rmag_Hamag_Hmag,0.8501872659176031
200,umag_gmag_Jmag,rmag_Hamag_Kmag,0.8359375
734,umag_Hamag_Jmag,gmag_Hamag_Jmag,0.8358778625954199
480,umag_rmag_Hmag,gmag_Hamag_Hmag,0.8333333333333334
93,umag_gmag_imag,rmag_Hamag_Jmag,0.8291746641074856
189,umag_gmag_Jmag,gmag_Hamag_Hmag,0.8237623762376238
813,umag_Hamag_Kmag,gmag_Hamag_Kmag,0.8221343873517787
774,umag_Hamag_Hmag,gmag_Hamag_Hmag,0.8203124999999999
377,umag_rmag_Hamag,gmag_rmag_imag,0.8152610441767069
767,umag_Hamag_Hmag,gmag_rmag_Hmag,0.8127340823970037
146,umag_gmag_Hamag,rmag_Hamag_Jmag,0.8097014925373134
112,umag_gmag_Hamag,umag_rmag_imag,0.8096192384769539
188,umag_gmag_Jmag,gmag_Hamag_Jmag,0.8076923076923077
94,umag_gmag_imag,rmag_Hamag_Hmag,0.8048289738430584
174,umag_gmag_Jmag,umag_Hamag_Hmag,0.8031809145129225
147,umag_gmag_Hamag,rmag_Hamag_Hmag,0.800804828973843
240,umag_gmag_Hmag,gmag_Hamag_Hmag,0.8
40,umag_gmag_rmag,rmag_Hamag_Hmag,0.7983870967741935
152,umag_gmag_Hamag,imag_Hamag_Jmag,0.792828685258964
159,umag_gmag_Hamag,Hamag_Jmag_Kmag,0.7919999999999999
526,umag_rmag_Kmag,gmag_Hamag_Kmag,0.7901701323251418
190,umag_gmag_Jmag,gmag_Hamag_Kmag,0.7894736842105262
270,umag_gmag_Kmag,umag_imag_Hamag,0.788
220,umag_gmag_Hmag,umag_imag_Hamag,0.7871485943775102
145,umag_gmag_Hamag,rmag_imag_Kmag,0.7862903225806452
198,umag_gmag_Jmag,rmag_Hamag_Jmag,0.7854406130268199
184,umag_gmag_Jmag,gmag_imag_Hamag,0.784
175,umag_gmag_Jmag,umag_Hamag_Kmag,0.7820773930753565
169,umag_gmag_Jmag,umag_imag_Hamag,0.7820773930753565
611,umag_imag_Jmag,gmag_Hamag_Jmag,0.7808471454880294
204,umag_gmag_Jmag,imag_Hamag_Jmag,0.7795275590551182
153,umag_gmag_Hamag,imag_Hamag_Hmag,0.7789046653144016
135,umag_gmag_Hamag,gmag_imag_Kmag,0.7789046653144016
744,umag_Hamag_Jmag,rmag_Hamag_Jmag,0.7783985102420857
727,umag_Hamag_Jmag,gmag_rmag_Jmag,0.7773722627737225
154,umag_gmag_Hamag,imag_Hamag_Kmag,0.7773279352226721
266,umag_gmag_Kmag,umag_rmag_Hamag,0.776
194,umag_gmag_Jmag,rmag_imag_Hamag,0.7744510978043911
148,umag_gmag_Hamag,rmag_Hamag_Kmag,0.7743271221532091
127,umag_gmag_Hamag,gmag_rmag_imag,0.7743271221532091
95,umag_gmag_imag,rmag_Hamag_Kmag,0.7740585774058577
131,umag_gmag_Hamag,gmag_rmag_Kmag,0.7739307535641547
125,umag_gmag_Hamag,umag_Jmag_Kmag,0.7732793522267206
111,umag_gmag_Hamag,umag_gmag_Kmag,0.7732793522267206
144,umag_gmag_Hamag,rmag_imag_Hmag,0.7730061349693252
251,umag_gmag_Hmag,rmag_Hamag_Kmag,0.7727272727272728
39,umag_gmag_rmag,rmag_Hamag_Jmag,0.7725631768953068
120,umag_gmag_Hamag,umag_imag_Kmag,0.7723577235772358
806,umag_Hamag_Kmag,gmag_rmag_Kmag,0.772313296903461
150,umag_gmag_Hamag,rmag_Jmag_Kmag,0.7717171717171717
434,umag_rmag_Jmag,gmag_Hamag_Hmag,0.7716535433070866
165,umag_gmag_Jmag,umag_rmag_Hamag,0.7714285714285715
291,umag_gmag_Kmag,gmag_Hamag_Kmag,0.7710371819960862
156,umag_gmag_Hamag,imag_Jmag_Kmag,0.7707910750507101
140,umag_gmag_Hamag,gmag_Jmag_Kmag,0.7707910750507101
116,umag_gmag_Hamag,umag_rmag_Kmag,0.7707910750507101
130,umag_gmag_Hamag,gmag_rmag_Hmag,0.7698574338085541
113,umag_gmag_Hamag,umag_rmag_Hamag,0.7692307692307693
110,umag_gmag_Hamag,umag_gmag_Hmag,0.7682926829268293
115,umag_gmag_Hamag,umag_rmag_Hmag,0.7682926829268293
83,umag_gmag_imag,gmag_Hamag_Jmag,0.7682926829268293
654,umag_imag_Hmag,gmag_Hamag_Hmag,0.7673956262425448
109,umag_gmag_Hamag,umag_gmag_Jmag,0.7673469387755101
128,umag_gmag_Hamag,gmag_rmag_Hamag,0.7672955974842768
250,umag_gmag_Hmag,rmag_Hamag_Hmag,0.767175572519084
41,umag_gmag_rmag,rmag_Hamag_Kmag,0.7670103092783505
117,umag_gmag_Hamag,umag_imag_Hamag,0.7670103092783505
134,umag_gmag_Hamag,gmag_imag_Hmag,0.7663934426229508
119,umag_gmag_Hamag,umag_imag_Hmag,0.7657841140529531
216,umag_gmag_Hmag,umag_rmag_Hamag,0.7649402390438248
68,umag_gmag_imag,umag_Hamag_Jmag,0.7648261758691206
132,umag_gmag_Hamag,gmag_imag_Hamag,0.7644628099173554
330,umag_rmag_imag,gmag_rmag_Hamag,0.7643312101910827
378,umag_rmag_Hamag,gmag_rmag_Hamag,0.7643312101910827
81,umag_gmag_imag,gmag_imag_Hmag,0.7631027253668764
564,umag_imag_Hamag,gmag_imag_Hamag,0.7627118644067796
122,umag_gmag_Hamag,umag_Hamag_Hmag,0.7625
47,umag_gmag_rmag,imag_Hamag_Kmag,0.7625
138,umag_gmag_Hamag,gmag_Hamag_Kmag,0.7625
55,umag_gmag_imag,umag_gmag_Hamag,0.7622950819672131
651,umag_imag_Hmag,gmag_imag_Hmag,0.7621052631578948
100,umag_gmag_imag,imag_Hamag_Hmag,0.7621052631578948
57,umag_gmag_imag,umag_gmag_Hmag,0.7621052631578948
91,umag_gmag_imag,rmag_imag_Hmag,0.7621052631578948
6,umag_gmag_rmag,umag_rmag_Hamag,0.7610993657505286
84,umag_gmag_imag,gmag_Hamag_Hmag,0.760914760914761
69,umag_gmag_imag,umag_Hamag_Hmag,0.760914760914761
101,umag_gmag_imag,imag_Hamag_Kmag,0.7605042016806723
74,umag_gmag_imag,gmag_rmag_imag,0.7600849256900212
30,umag_gmag_rmag,gmag_Hamag_Hmag,0.7599164926931106
15,umag_gmag_rmag,umag_Hamag_Hmag,0.7599164926931106
137,umag_gmag_Hamag,gmag_Hamag_Hmag,0.7599164926931106
85,umag_gmag_imag,gmag_Hamag_Kmag,0.7599164926931106
46,umag_gmag_rmag,imag_Hamag_Hmag,0.7599164926931106
92,umag_gmag_imag,rmag_imag_Kmag,0.7594936708860758
123,umag_gmag_Hamag,umag_Hamag_Kmag,0.7593360995850621
70,umag_gmag_imag,umag_Hamag_Kmag,0.7589098532494759
21,umag_gmag_rmag,gmag_rmag_Hamag,0.7584745762711865
20,umag_gmag_rmag,gmag_rmag_imag,0.7584745762711865
31,umag_gmag_rmag,gmag_Hamag_Kmag,0.7583333333333334
60,umag_gmag_imag,umag_rmag_Hamag,0.7580299785867238
62,umag_gmag_imag,umag_rmag_Hmag,0.7578947368421054
99,umag_gmag_imag,imag_Hamag_Jmag,0.7574468085106384
75,umag_gmag_imag,gmag_rmag_Hamag,0.7574468085106384
329,umag_rmag_imag,gmag_rmag_imag,0.7574468085106384
59,umag_gmag_imag,umag_rmag_imag,0.7574468085106384
67,umag_gmag_imag,umag_imag_Kmag,0.7573221757322176
79,umag_gmag_imag,gmag_imag_Hamag,0.7568710359408034
58,umag_gmag_imag,umag_gmag_Kmag,0.7568710359408034
64,umag_gmag_imag,umag_imag_Hamag,0.7568710359408034
766,umag_Hamag_Hmag,gmag_rmag_Jmag,0.7564356435643564
8,umag_gmag_rmag,umag_rmag_Hmag,0.7563025210084033
24,umag_gmag_rmag,gmag_rmag_Kmag,0.7563025210084033
77,umag_gmag_imag,gmag_rmag_Hmag,0.7563025210084033
23,umag_gmag_rmag,gmag_rmag_Hmag,0.7563025210084033
66,umag_gmag_imag,umag_imag_Hmag,0.7552742616033755
63,umag_gmag_imag,umag_rmag_Kmag,0.7552742616033755
301,umag_gmag_Kmag,rmag_Hamag_Kmag,0.7547892720306514
182,umag_gmag_Jmag,gmag_rmag_Hmag,0.7547169811320753
56,umag_gmag_imag,umag_gmag_Jmag,0.7547169811320753
693,umag_imag_Kmag,gmag_imag_Kmag,0.7547169811320753
25,umag_gmag_rmag,gmag_imag_Hamag,0.7547169811320753
473,umag_rmag_Hmag,gmag_rmag_Hmag,0.7541666666666668
78,umag_gmag_imag,gmag_rmag_Kmag,0.7536842105263158
106,umag_gmag_imag,Hamag_Jmag_Kmag,0.7536231884057972
5,umag_gmag_rmag,umag_rmag_imag,0.7531914893617021
16,umag_gmag_rmag,umag_Hamag_Kmag,0.7531380753138075
2,umag_gmag_rmag,umag_gmag_Jmag,0.7531380753138075
28,umag_gmag_rmag,gmag_imag_Kmag,0.7525987525987526
731,umag_Hamag_Jmag,gmag_imag_Jmag,0.7523629489603025
10,umag_gmag_rmag,umag_imag_Hamag,0.7521008403361344
82,umag_gmag_imag,gmag_imag_Kmag,0.7521008403361344
9,umag_gmag_rmag,umag_rmag_Kmag,0.7521008403361344
12,umag_gmag_rmag,umag_imag_Hmag,0.7515657620041754
3,umag_gmag_rmag,umag_gmag_Hmag,0.7515657620041754
519,umag_rmag_Kmag,gmag_rmag_Kmag,0.7515657620041754
37,umag_gmag_rmag,rmag_imag_Hmag,0.7510548523206751
426,umag_rmag_Jmag,gmag_rmag_Jmag,0.7505241090146751
52,umag_gmag_rmag,Hamag_Jmag_Kmag,0.7505154639175258
241,umag_gmag_Hmag,gmag_Hamag_Kmag,0.7505070993914807
13,umag_gmag_rmag,umag_imag_Kmag,0.75
38,umag_gmag_rmag,rmag_imag_Kmag,0.75
136,umag_gmag_Hamag,gmag_Hamag_Jmag,0.7495069033530571
560,umag_imag_Hamag,gmag_rmag_Hamag,0.7494646680942185
121,umag_gmag_Hamag,umag_Hamag_Jmag,0.7489878542510122
61,umag_gmag_imag,umag_rmag_Jmag,0.7489539748953974
27,umag_gmag_rmag,gmag_imag_Hmag,0.7489539748953974
164,umag_gmag_Jmag,umag_rmag_imag,0.7484143763213531
105,umag_gmag_imag,Hamag_Jmag_Hmag,0.7479674796747967
142,umag_gmag_Hamag,rmag_imag_Hamag,0.7478991596638656
181,umag_gmag_Jmag,gmag_rmag_Jmag,0.7478991596638656
97,umag_gmag_imag,rmag_Jmag_Kmag,0.7478991596638656
621,umag_imag_Jmag,rmag_Hamag_Jmag,0.747628083491461
4,umag_gmag_rmag,umag_gmag_Kmag,0.7473903966597077
167,umag_gmag_Jmag,umag_rmag_Hmag,0.7463312368972748
90,umag_gmag_imag,rmag_imag_Jmag,0.7463312368972748
0,umag_gmag_rmag,umag_gmag_imag,0.7458333333333333
559,umag_imag_Hamag,gmag_rmag_imag,0.7457627118644068
233,umag_gmag_Hmag,gmag_rmag_Hmag,0.7457627118644068
103,umag_gmag_imag,imag_Jmag_Kmag,0.745263157894737
65,umag_gmag_imag,umag_imag_Jmag,0.7443762781186095
256,umag_gmag_Hmag,imag_Hamag_Hmag,0.744186046511628
823,umag_Hamag_Kmag,rmag_Hamag_Kmag,0.743682310469314
43,umag_gmag_rmag,rmag_Jmag_Kmag,0.7432150313152402
888,umag_Jmag_Kmag,gmag_Jmag_Kmag,0.7430997876857749
49,umag_gmag_rmag,imag_Jmag_Kmag,0.7426160337552742
114,umag_gmag_Hamag,umag_rmag_Jmag,0.7418032786885247
76,umag_gmag_imag,gmag_rmag_Jmag,0.7410526315789474
186,umag_gmag_Jmag,gmag_imag_Hmag,0.7404255319148936
608,umag_imag_Jmag,gmag_imag_Jmag,0.74012474012474
18,umag_gmag_rmag,umag_Jmag_Kmag,0.7399577167019027
168,umag_gmag_Jmag,umag_rmag_Kmag,0.7399577167019027
382,umag_rmag_Hamag,gmag_imag_Hamag,0.739784946236559
129,umag_gmag_Hamag,gmag_rmag_Jmag,0.7393939393939393
89,umag_gmag_imag,rmag_imag_Hamag,0.7388535031847134
45,umag_gmag_rmag,imag_Hamag_Jmag,0.7388535031847134
35,umag_gmag_rmag,rmag_imag_Hamag,0.7377398720682303
215,umag_gmag_Hmag,umag_rmag_imag,0.7372881355932204
183,umag_gmag_Jmag,gmag_rmag_Kmag,0.7372881355932204
161,umag_gmag_Hamag,Jmag_Hmag_Kmag,0.7368421052631579
87,umag_gmag_imag,gmag_Jmag_Kmag,0.7368421052631579
80,umag_gmag_imag,gmag_imag_Jmag,0.736625514403292
108,umag_gmag_imag,Jmag_Hmag_Kmag,0.7357293868921775
205,umag_gmag_Jmag,imag_Hamag_Hmag,0.7350427350427351
180,umag_gmag_Jmag,gmag_rmag_Hamag,0.734020618556701
784,umag_Hamag_Hmag,rmag_Hamag_Hmag,0.7335766423357662
33,umag_gmag_rmag,gmag_Jmag_Kmag,0.7330508474576272
444,umag_rmag_Jmag,rmag_Hamag_Hmag,0.732824427480916
72,umag_gmag_imag,umag_Jmag_Kmag,0.7326315789473684
107,umag_gmag_imag,Hamag_Hmag_Kmag,0.7322175732217574
481,umag_rmag_Hmag,gmag_Hamag_Kmag,0.7314285714285715
14,umag_gmag_rmag,umag_Hamag_Jmag,0.7313131313131312
196,umag_gmag_Jmag,rmag_imag_Hmag,0.7311827956989249
104,umag_gmag_imag,imag_Hmag_Kmag,0.7310924369747899
163,umag_gmag_Jmag,umag_gmag_Kmag,0.7300215982721383
334,umag_rmag_imag,gmag_imag_Hamag,0.729957805907173
29,umag_gmag_rmag,gmag_Hamag_Jmag,0.72936660268714
851,umag_Jmag_Hmag,gmag_Jmag_Hmag,0.7283950617283951
7,umag_gmag_rmag,umag_rmag_Jmag,0.7272727272727272
118,umag_gmag_Hamag,umag_imag_Jmag,0.7272727272727272
924,umag_Hmag_Kmag,gmag_Hmag_Kmag,0.7272727272727272
187,umag_gmag_Jmag,gmag_imag_Kmag,0.7257019438444924
172,umag_gmag_Jmag,umag_imag_Kmag,0.7257019438444924
162,umag_gmag_Jmag,umag_gmag_Hmag,0.7257019438444924
290,umag_gmag_Kmag,gmag_Hamag_Hmag,0.7254901960784313
96,umag_gmag_imag,rmag_Jmag_Hmag,0.7253668763102725
143,umag_gmag_Hamag,rmag_imag_Jmag,0.7250509164969451
98,umag_gmag_imag,rmag_Hmag_Kmag,0.7245762711864406
265,umag_gmag_Kmag,umag_rmag_imag,0.7223382045929019
284,umag_gmag_Kmag,gmag_rmag_Kmag,0.7222222222222222
443,umag_rmag_Jmag,rmag_Hamag_Jmag,0.7218045112781956
197,umag_gmag_Jmag,rmag_imag_Kmag,0.7217391304347825
206,umag_gmag_Jmag,imag_Hamag_Kmag,0.7217391304347825
88,umag_gmag_imag,gmag_Hmag_Kmag,0.7203389830508475
126,umag_gmag_Hamag,umag_Hmag_Kmag,0.7203389830508475
160,umag_gmag_Hamag,Hamag_Hmag_Kmag,0.7203389830508475
102,umag_gmag_imag,imag_Jmag_Hmag,0.72
141,umag_gmag_Hamag,gmag_Hmag_Kmag,0.718816067653277
348,umag_rmag_imag,rmag_Hamag_Jmag,0.7180451127819547
237,umag_gmag_Hmag,gmag_imag_Hmag,0.717948717948718
71,umag_gmag_imag,umag_Jmag_Hmag,0.7178423236514523
73,umag_gmag_imag,umag_Hmag_Kmag,0.7161016949152542
22,umag_gmag_rmag,gmag_rmag_Jmag,0.7157464212678937
54,umag_gmag_rmag,Jmag_Hmag_Kmag,0.7155172413793104
307,umag_gmag_Kmag,imag_Hamag_Kmag,0.7155172413793104
234,umag_gmag_Hmag,gmag_rmag_Kmag,0.7145877378435519
157,umag_gmag_Hamag,imag_Hmag_Kmag,0.7136752136752137
44,umag_gmag_rmag,rmag_Hmag_Kmag,0.7136752136752137
86,umag_gmag_imag,gmag_Jmag_Hmag,0.7124999999999999
238,umag_gmag_Hmag,gmag_imag_Kmag,0.711864406779661
50,umag_gmag_rmag,imag_Hmag_Kmag,0.7112068965517241
403,umag_rmag_Hamag,imag_Hamag_Hmag,0.7106796116504854
11,umag_gmag_rmag,umag_imag_Jmag,0.7103174603174602
151,umag_gmag_Hamag,rmag_Hmag_Kmag,0.7094017094017094
257,umag_gmag_Hmag,imag_Hamag_Kmag,0.7094017094017094
34,umag_gmag_rmag,gmag_Hmag_Kmag,0.7091295116772824
133,umag_gmag_Hamag,gmag_imag_Jmag,0.7067961165048543
36,umag_gmag_rmag,rmag_imag_Jmag,0.706611570247934
370,umag_rmag_Hamag,umag_imag_Kmag,0.703125
248,umag_gmag_Hmag,rmag_imag_Kmag,0.7010752688172043
907,umag_Jmag_Kmag,Hamag_Jmag_Kmag,0.7005444646098005
394,umag_rmag_Hamag,rmag_imag_Hmag,0.698989898989899
402,umag_rmag_Hamag,imag_Hamag_Jmag,0.6984126984126985
19,umag_gmag_rmag,umag_Hmag_Kmag,0.6980728051391863
53,umag_gmag_rmag,Hamag_Hmag_Kmag,0.697872340425532
239,umag_gmag_Hmag,gmag_Hamag_Jmag,0.6972111553784861
768,umag_Hamag_Hmag,gmag_rmag_Kmag,0.6970802919708028
395,umag_rmag_Hamag,rmag_imag_Kmag,0.6958250497017893
158,umag_gmag_Hamag,Hamag_Jmag_Hmag,0.6947368421052633
622,umag_imag_Jmag,rmag_Hamag_Hmag,0.693798449612403
283,umag_gmag_Kmag,gmag_rmag_Hmag,0.693446088794926
404,umag_rmag_Hamag,imag_Hamag_Kmag,0.6927592954990215
369,umag_rmag_Hamag,umag_imag_Hmag,0.6924643584521385
525,umag_rmag_Kmag,gmag_Hamag_Hmag,0.6921606118546846
365,umag_rmag_Hamag,umag_rmag_Hmag,0.692
445,umag_rmag_Jmag,rmag_Hamag_Kmag,0.69140625
235,umag_gmag_Hmag,gmag_imag_Hamag,0.69140625
255,umag_gmag_Hmag,imag_Hamag_Jmag,0.69140625
219,umag_gmag_Hmag,umag_rmag_Kmag,0.6908315565031983
479,umag_rmag_Hmag,gmag_Hamag_Jmag,0.6906187624750499
149,umag_gmag_Hamag,rmag_Jmag_Hmag,0.6905263157894737
460,umag_rmag_Hmag,umag_imag_Hamag,0.6904761904761905
366,umag_rmag_Hamag,umag_rmag_Kmag,0.6904761904761905
430,umag_rmag_Jmag,gmag_imag_Jmag,0.6884531590413944
185,umag_gmag_Jmag,gmag_imag_Jmag,0.6878980891719746
155,umag_gmag_Hamag,imag_Jmag_Hmag,0.6873706004140787
226,umag_gmag_Hmag,umag_Hamag_Kmag,0.6859504132231405
171,umag_gmag_Jmag,umag_imag_Hmag,0.6858407079646018
474,umag_rmag_Hmag,gmag_rmag_Kmag,0.6851063829787235
472,umag_rmag_Hmag,gmag_rmag_Jmag,0.6849894291754758
505,umag_rmag_Kmag,umag_imag_Hamag,0.684931506849315
449,umag_rmag_Jmag,imag_Hamag_Jmag,0.6848816029143897
124,umag_gmag_Hamag,umag_Jmag_Hmag,0.6846473029045643
232,umag_gmag_Hmag,gmag_rmag_Jmag,0.6837606837606838
490,umag_rmag_Hmag,rmag_Hamag_Hmag,0.6836363636363636
536,umag_rmag_Kmag,rmag_Hamag_Kmag,0.6827458256029684
288,umag_gmag_Kmag,gmag_imag_Kmag,0.6825053995680345
385,umag_rmag_Hamag,gmag_imag_Kmag,0.682261208576998
898,umag_Jmag_Kmag,rmag_Jmag_Kmag,0.6819923371647509
812,umag_Hamag_Kmag,gmag_Hamag_Hmag,0.6818181818181818
214,umag_gmag_Hmag,umag_gmag_Kmag,0.6810344827586208
26,umag_gmag_rmag,gmag_imag_Jmag,0.6808510638297873
397,umag_rmag_Hamag,rmag_Hamag_Hmag,0.6808510638297873
427,umag_rmag_Jmag,gmag_rmag_Hmag,0.6807610993657506
349,umag_rmag_imag,rmag_Hamag_Hmag,0.6793103448275863
139,umag_gmag_Hamag,gmag_Jmag_Hmag,0.6790123456790125
775,umag_Hamag_Hmag,gmag_Hamag_Kmag,0.6777546777546777
355,umag_rmag_imag,imag_Hamag_Hmag,0.6769825918762089
356,umag_rmag_imag,imag_Hamag_Kmag,0.67578125
696,umag_imag_Kmag,gmag_Hamag_Kmag,0.67578125
380,umag_rmag_Hamag,gmag_rmag_Hmag,0.6756238003838771
346,umag_rmag_imag,rmag_imag_Hmag,0.674698795180723
773,umag_Hamag_Hmag,gmag_Hamag_Jmag,0.6745098039215686
858,umag_Jmag_Hmag,rmag_Hamag_Jmag,0.6733067729083666
491,umag_rmag_Hmag,rmag_Hamag_Kmag,0.6730038022813688
653,umag_imag_Hmag,gmag_Hamag_Jmag,0.6721311475409836
321,umag_rmag_imag,umag_imag_Hmag,0.6720321931589537
373,umag_rmag_Hamag,umag_Hamag_Kmag,0.6718446601941749
381,umag_rmag_Hamag,gmag_rmag_Kmag,0.6718146718146718
225,umag_gmag_Hmag,umag_Hamag_Hmag,0.670807453416149
372,umag_rmag_Hamag,umag_Hamag_Hmag,0.6706114398422091
324,umag_rmag_imag,umag_Hamag_Hmag,0.6705653021442496
245,umag_gmag_Hmag,rmag_imag_Hamag,0.6704980842911877
318,umag_rmag_imag,umag_rmag_Kmag,0.6692913385826773
322,umag_rmag_imag,umag_imag_Kmag,0.6679920477137177
337,umag_rmag_imag,gmag_imag_Kmag,0.6679841897233203
664,umag_imag_Hmag,rmag_Hamag_Hmag,0.6679316888045541
435,umag_rmag_Jmag,gmag_Hamag_Kmag,0.6666666666666667
347,umag_rmag_imag,rmag_imag_Kmag,0.6666666666666666
396,umag_rmag_Hamag,rmag_Hamag_Jmag,0.6654135338345866
325,umag_rmag_imag,umag_Hamag_Kmag,0.6653620352250489
276,umag_gmag_Kmag,umag_Hamag_Kmag,0.6653061224489796
804,umag_Hamag_Kmag,gmag_rmag_Jmag,0.6640625
327,umag_rmag_imag,umag_Jmag_Kmag,0.6639344262295083
870,umag_Jmag_Hmag,Hamag_Jmag_Hmag,0.6638830897703548
17,umag_gmag_rmag,umag_Jmag_Hmag,0.6638115631691649
247,umag_gmag_Hmag,rmag_imag_Hmag,0.6637554585152837
785,umag_Hamag_Hmag,rmag_Hamag_Kmag,0.6628787878787878
300,umag_gmag_Kmag,rmag_Hamag_Hmag,0.6627218934911242
249,umag_gmag_Hmag,rmag_Hamag_Jmag,0.6626506024096385
554,umag_imag_Hamag,umag_Hamag_Hmag,0.6614785992217899
771,umag_Hamag_Hmag,gmag_imag_Hmag,0.6613861386138614
596,umag_imag_Jmag,umag_Hamag_Jmag,0.6612903225806451
599,umag_imag_Jmag,umag_Jmag_Hmag,0.6611570247933883
652,umag_imag_Hmag,gmag_imag_Kmag,0.6610169491525424
670,umag_imag_Hmag,imag_Hamag_Hmag,0.6600397614314115
306,umag_gmag_Kmag,imag_Hamag_Hmag,0.6594827586206896
867,umag_Jmag_Hmag,imag_Jmag_Hmag,0.6581740976645436
333,umag_rmag_imag,gmag_rmag_Kmag,0.6575875486381323
745,umag_Hamag_Jmag,rmag_Hamag_Hmag,0.65748031496063
694,umag_imag_Kmag,gmag_Hamag_Jmag,0.65748031496063
317,umag_rmag_imag,umag_rmag_Hmag,0.6571428571428573
585,umag_imag_Hamag,imag_Hamag_Hmag,0.6571428571428573
398,umag_rmag_Hamag,rmag_Hamag_Kmag,0.6566037735849056
298,umag_gmag_Kmag,rmag_imag_Kmag,0.6563876651982378
179,umag_gmag_Jmag,gmag_rmag_imag,0.6563192904656319
336,umag_rmag_imag,gmag_imag_Hmag,0.6558704453441295
289,umag_gmag_Kmag,gmag_Hamag_Jmag,0.6558704453441295
627,umag_imag_Jmag,imag_Hamag_Jmag,0.6551724137931034
555,umag_imag_Hamag,umag_Hamag_Kmag,0.6549019607843137
861,umag_Jmag_Hmag,rmag_Jmag_Hmag,0.653927813163482
51,umag_gmag_rmag,Hamag_Jmag_Hmag,0.653763440860215
340,umag_rmag_imag,gmag_Hamag_Kmag,0.6536203522504893
551,umag_imag_Hamag,umag_imag_Hmag,0.6517311608961304
375,umag_rmag_Hamag,umag_Jmag_Kmag,0.6514522821576764
48,umag_gmag_rmag,imag_Jmag_Hmag,0.6511627906976745
728,umag_Hamag_Jmag,gmag_rmag_Hmag,0.6510791366906474
42,umag_gmag_rmag,rmag_Jmag_Hmag,0.6509635974304069
703,umag_imag_Kmag,rmag_imag_Kmag,0.6508875739644971
387,umag_rmag_Hamag,gmag_Hamag_Hmag,0.6504065040650406
414,umag_rmag_Jmag,umag_imag_Hamag,0.6497064579256361
218,umag_gmag_Hmag,umag_rmag_Hmag,0.6494623655913978
364,umag_rmag_Hamag,umag_rmag_Jmag,0.6494023904382471
388,umag_rmag_Hamag,gmag_Hamag_Kmag,0.6478873239436621
350,umag_rmag_imag,rmag_Hamag_Kmag,0.6475095785440614
354,umag_rmag_imag,imag_Hamag_Jmag,0.6469428007889546
339,umag_rmag_imag,gmag_Hamag_Hmag,0.6469428007889546
733,umag_Hamag_Jmag,gmag_imag_Kmag,0.6465364120781528
790,umag_Hamag_Hmag,imag_Hamag_Hmag,0.6459016393442624
943,umag_Hmag_Kmag,Hamag_Hmag_Kmag,0.6450381679389313
352,umag_rmag_imag,rmag_Jmag_Kmag,0.6443514644351465
282,umag_gmag_Kmag,gmag_rmag_Jmag,0.6439232409381663
829,umag_Hamag_Kmag,imag_Hamag_Kmag,0.6436781609195402
524,umag_rmag_Kmag,gmag_Hamag_Jmag,0.642570281124498
419,umag_rmag_Jmag,umag_Hamag_Hmag,0.6415094339622641
752,umag_Hamag_Jmag,imag_Hamag_Kmag,0.6411149825783972
428,umag_rmag_Jmag,gmag_rmag_Kmag,0.6404958677685951
477,umag_rmag_Hmag,gmag_imag_Hmag,0.6403508771929826
586,umag_imag_Hamag,imag_Hamag_Kmag,0.6401590457256462
343,umag_rmag_imag,gmag_Hmag_Kmag,0.6399999999999999
712,umag_imag_Kmag,imag_Hamag_Kmag,0.6396761133603239
32,umag_gmag_rmag,gmag_Jmag_Hmag,0.6396761133603239
940,umag_Hmag_Kmag,imag_Hmag_Kmag,0.6392156862745098
646,umag_imag_Hmag,gmag_rmag_Jmag,0.638949671772429
384,umag_rmag_Hamag,gmag_imag_Hmag,0.6385542168674698
338,umag_rmag_imag,gmag_Hamag_Jmag,0.6383838383838384
431,umag_rmag_Jmag,gmag_imag_Hmag,0.6382978723404256
269,umag_gmag_Kmag,umag_rmag_Kmag,0.6375545851528384
661,umag_imag_Hmag,rmag_imag_Hmag,0.6372745490981963
736,umag_Hamag_Jmag,gmag_Hamag_Kmag,0.6372360844529751
934,umag_Hmag_Kmag,rmag_Hmag_Kmag,0.6370656370656371
176,umag_gmag_Jmag,umag_Jmag_Hmag,0.6363636363636365
618,umag_imag_Jmag,rmag_imag_Jmag,0.6363636363636364
332,umag_rmag_imag,gmag_rmag_Hmag,0.6356275303643725
315,umag_rmag_imag,umag_rmag_Hamag,0.6355140186915887
361,umag_rmag_imag,Hamag_Jmag_Kmag,0.6352459016393442
669,umag_imag_Hmag,imag_Hamag_Jmag,0.6345811051693405
735,umag_Hamag_Jmag,gmag_Hamag_Hmag,0.6337448559670782
552,umag_imag_Hamag,umag_imag_Kmag,0.6334661354581673
413,umag_rmag_Jmag,umag_rmag_Kmag,0.6328125
542,umag_rmag_Kmag,imag_Hamag_Kmag,0.6323809523809525
563,umag_imag_Hamag,gmag_rmag_Kmag,0.6317829457364341
722,umag_Hamag_Jmag,umag_Jmag_Hmag,0.6313645621181262
496,umag_rmag_Hmag,imag_Hamag_Hmag,0.6305609284332688
904,umag_Jmag_Kmag,imag_Jmag_Kmag,0.6299810246679318
323,umag_rmag_imag,umag_Hamag_Jmag,0.6279069767441862
358,umag_rmag_imag,imag_Jmag_Kmag,0.6273684210526316
432,umag_rmag_Jmag,gmag_imag_Kmag,0.6268041237113402
604,umag_imag_Jmag,gmag_rmag_Jmag,0.6265060240963854
647,umag_imag_Hmag,gmag_rmag_Hmag,0.6263048016701461
751,umag_Hamag_Jmag,imag_Hamag_Hmag,0.625
371,umag_rmag_Hamag,umag_Hamag_Jmag,0.624505928853755
811,umag_Hamag_Kmag,gmag_Hamag_Jmag,0.6244897959183673
729,umag_Hamag_Jmag,gmag_rmag_Kmag,0.6243386243386243
743,umag_Hamag_Jmag,rmag_imag_Kmag,0.6240875912408759
732,umag_Hamag_Jmag,gmag_imag_Hmag,0.6240875912408759
791,umag_Hamag_Hmag,imag_Hamag_Kmag,0.6236162361623615
750,umag_Hamag_Jmag,imag_Hamag_Jmag,0.6217105263157894
368,umag_rmag_Hamag,umag_imag_Jmag,0.621676891615542
418,umag_rmag_Jmag,umag_Hamag_Jmag,0.6209677419354838
316,umag_rmag_imag,umag_rmag_Jmag,0.6201232032854209
630,umag_imag_Jmag,imag_Jmag_Hmag,0.6201232032854209
363,umag_rmag_imag,Jmag_Hmag_Kmag,0.6199575371549895
421,umag_rmag_Jmag,umag_Jmag_Hmag,0.6198347107438017
420,umag_rmag_Jmag,umag_Hamag_Kmag,0.6193293885601578
360,umag_rmag_imag,Hamag_Jmag_Hmag,0.6187363834422658
344,umag_rmag_imag,rmag_imag_Hamag,0.6184738955823293
489,umag_rmag_Hmag,rmag_Hamag_Jmag,0.6177606177606177
772,umag_Hamag_Hmag,gmag_imag_Kmag,0.6171428571428571
287,umag_gmag_Kmag,gmag_imag_Hmag,0.6167400881057269
665,umag_imag_Hmag,rmag_Hamag_Kmag,0.616600790513834
663,umag_imag_Hmag,rmag_Hamag_Jmag,0.6165413533834586
392,umag_rmag_Hamag,rmag_imag_Hamag,0.616
695,umag_imag_Kmag,gmag_Hamag_Hmag,0.6159844054580897
173,umag_gmag_Jmag,umag_Hamag_Jmag,0.6157112526539278
518,umag_rmag_Kmag,gmag_rmag_Hmag,0.6147186147186148
662,umag_imag_Hmag,rmag_imag_Kmag,0.6137339055793991
859,umag_Jmag_Hmag,rmag_Hamag_Hmag,0.6134969325153375
633,umag_imag_Jmag,Hamag_Jmag_Hmag,0.6123260437375746
319,umag_rmag_imag,umag_imag_Hamag,0.6123260437375746
223,umag_gmag_Hmag,umag_imag_Kmag,0.6122448979591836
195,umag_gmag_Jmag,rmag_imag_Jmag,0.6122448979591836
623,umag_imag_Jmag,rmag_Hamag_Kmag,0.612
367,umag_rmag_Hamag,umag_imag_Hamag,0.6119096509240246
342,umag_rmag_imag,gmag_Jmag_Kmag,0.6115702479338843
553,umag_imag_Hamag,umag_Hamag_Jmag,0.6110056925996205
964,gmag_rmag_imag,rmag_Hamag_Hmag,0.6105263157894737
362,umag_rmag_imag,Hamag_Hmag_Kmag,0.6097560975609757
822,umag_Hamag_Kmag,rmag_Hamag_Hmag,0.6097087378640776
810,umag_Hamag_Kmag,gmag_imag_Kmag,0.6088631984585742
721,umag_Hamag_Jmag,umag_Hamag_Kmag,0.608695652173913
612,umag_imag_Jmag,gmag_Hamag_Hmag,0.6081632653061224
442,umag_rmag_Jmag,rmag_imag_Kmag,0.6071428571428571
574,umag_imag_Hamag,rmag_imag_Hamag,0.6067864271457085
478,umag_rmag_Hmag,gmag_imag_Kmag,0.6046511627906977
450,umag_rmag_Jmag,imag_Hamag_Hmag,0.6039215686274509
359,umag_rmag_imag,imag_Hmag_Kmag,0.6038543897216274
783,umag_Hamag_Hmag,rmag_Hamag_Jmag,0.6035502958579881
178,umag_gmag_Jmag,umag_Hmag_Kmag,0.6035242290748899
320,umag_rmag_imag,umag_imag_Jmag,0.6033057851239669
299,umag_gmag_Kmag,rmag_Hamag_Jmag,0.603238866396761
580,umag_imag_Hamag,rmag_Hamag_Kmag,0.6030534351145038
439,umag_rmag_Jmag,rmag_imag_Hamag,0.6024096385542169
212,umag_gmag_Jmag,Hamag_Hmag_Kmag,0.6012793176972281
517,umag_rmag_Kmag,gmag_rmag_Jmag,0.6008583690987125
864,umag_Jmag_Hmag,imag_Hamag_Jmag,0.6008583690987125
655,umag_imag_Hmag,gmag_Hamag_Kmag,0.6008230452674898
746,umag_Hamag_Jmag,rmag_Hamag_Kmag,0.6003824091778202
562,umag_imag_Hamag,gmag_rmag_Hmag,0.6000000000000001
351,umag_rmag_imag,rmag_Jmag_Hmag,0.6000000000000001
963,gmag_rmag_imag,rmag_Hamag_Jmag,0.59958071278826
497,umag_rmag_Hmag,imag_Hamag_Kmag,0.5987780040733197
192,umag_gmag_Jmag,gmag_Jmag_Kmag,0.5981735159817352
331,umag_rmag_imag,gmag_rmag_Jmag,0.5975103734439834
706,umag_imag_Kmag,rmag_Hamag_Kmag,0.5973025048169557
412,umag_rmag_Jmag,umag_rmag_Hmag,0.5968992248062015
584,umag_imag_Hamag,imag_Hamag_Jmag,0.5967078189300412
839,umag_Jmag_Hmag,gmag_rmag_imag,0.5961123110151187
227,umag_gmag_Hmag,umag_Jmag_Hmag,0.5957446808510638
357,umag_rmag_imag,imag_Jmag_Hmag,0.5956521739130435
576,umag_imag_Hamag,rmag_imag_Hmag,0.595482546201232
579,umag_imag_Hamag,rmag_Hamag_Hmag,0.5949820788530467
855,umag_Jmag_Hmag,rmag_imag_Jmag,0.5930735930735931
997,gmag_rmag_Hamag,rmag_Hamag_Hmag,0.5930470347648262
569,umag_imag_Hamag,gmag_Hamag_Hmag,0.592445328031809
417,umag_rmag_Jmag,umag_imag_Kmag,0.592
624,umag_imag_Jmag,rmag_Jmag_Hmag,0.5918367346938775
742,umag_Hamag_Jmag,rmag_imag_Hmag,0.5914972273567466
208,umag_gmag_Jmag,imag_Jmag_Kmag,0.5914221218961625
353,umag_rmag_imag,rmag_Hmag_Kmag,0.5907172995780591
687,umag_imag_Kmag,gmag_rmag_Jmag,0.5900216919739697
641,umag_imag_Hmag,umag_Jmag_Hmag,0.5897435897435898
609,umag_imag_Jmag,gmag_imag_Hmag,0.5894736842105263
451,umag_rmag_Jmag,imag_Hamag_Kmag,0.5882352941176471
211,umag_gmag_Jmag,Hamag_Jmag_Kmag,0.5882352941176471
980,gmag_rmag_Hamag,gmag_rmag_Hmag,0.5872340425531914
202,umag_gmag_Jmag,rmag_Jmag_Kmag,0.5862884160756502
557,umag_imag_Hamag,umag_Jmag_Kmag,0.5859872611464968
605,umag_imag_Jmag,gmag_rmag_Hmag,0.5850622406639003
386,umag_rmag_Hamag,gmag_Hamag_Jmag,0.5841784989858012
277,umag_gmag_Kmag,umag_Jmag_Hmag,0.5836909871244635
166,umag_gmag_Jmag,umag_rmag_Jmag,0.5833333333333334
441,umag_rmag_Jmag,rmag_imag_Hmag,0.5833333333333334
570,umag_imag_Hamag,gmag_Hamag_Kmag,0.5831702544031311
682,umag_imag_Kmag,umag_Jmag_Hmag,0.5831533477321815
467,umag_rmag_Hmag,umag_Jmag_Hmag,0.5829787234042554
523,umag_rmag_Kmag,gmag_imag_Kmag,0.5829596412556054
971,gmag_rmag_imag,imag_Hamag_Kmag,0.5827814569536424
409,umag_rmag_Hamag,Hamag_Jmag_Kmag,0.5818965517241379
577,umag_imag_Hamag,rmag_imag_Kmag,0.5807770961145194
821,umag_Hamag_Kmag,rmag_Hamag_Jmag,0.5807770961145194
848,umag_Jmag_Hmag,gmag_Hamag_Jmag,0.579957356076759
610,umag_imag_Jmag,gmag_imag_Kmag,0.5797101449275363
948,gmag_rmag_imag,gmag_rmag_Kmag,0.5789473684210527
305,umag_gmag_Kmag,imag_Hamag_Jmag,0.5778688524590164
837,umag_Jmag_Hmag,umag_Jmag_Kmag,0.5775862068965517
512,umag_rmag_Kmag,umag_Jmag_Hmag,0.5775862068965517
535,umag_rmag_Kmag,rmag_Hamag_Hmag,0.5769980506822613
761,umag_Hamag_Hmag,umag_Jmag_Hmag,0.5762711864406779
379,umag_rmag_Hamag,gmag_rmag_Jmag,0.5761316872427984
856,umag_Jmag_Hmag,rmag_imag_Hmag,0.5757575757575758
345,umag_rmag_imag,rmag_imag_Jmag,0.5748987854251012
170,umag_gmag_Jmag,umag_imag_Jmag,0.574468085106383
534,umag_rmag_Kmag,rmag_Hamag_Jmag,0.5737373737373738
970,gmag_rmag_imag,imag_Hamag_Hmag,0.5733634311512416
845,umag_Jmag_Hmag,gmag_imag_Jmag,0.5726872246696035
335,umag_rmag_imag,gmag_imag_Jmag,0.5726315789473685
671,umag_imag_Hmag,imag_Hamag_Kmag,0.5726315789473685
805,umag_Hamag_Kmag,gmag_rmag_Hmag,0.5726141078838174
865,umag_Jmag_Hmag,imag_Hamag_Hmag,0.5720430107526882
860,umag_Jmag_Hmag,rmag_Hamag_Kmag,0.5714285714285715
619,umag_imag_Jmag,rmag_imag_Hmag,0.5714285714285715
613,umag_imag_Jmag,gmag_Hamag_Kmag,0.5708418891170431
236,umag_gmag_Hmag,gmag_imag_Jmag,0.5701754385964912
210,umag_gmag_Jmag,Hamag_Jmag_Hmag,0.5701559020044544
947,gmag_rmag_imag,gmag_rmag_Hmag,0.5688888888888889
866,umag_Jmag_Hmag,imag_Hamag_Kmag,0.5683760683760685
799,umag_Hamag_Kmag,umag_Jmag_Hmag,0.5683297180043385
952,gmag_rmag_imag,gmag_imag_Kmag,0.5676855895196508
850,umag_Jmag_Hmag,gmag_Hamag_Kmag,0.5665236051502145
953,gmag_rmag_imag,gmag_Hamag_Jmag,0.5664488017429194
840,umag_Jmag_Hmag,gmag_rmag_Hamag,0.5664488017429194
650,umag_imag_Hmag,gmag_imag_Jmag,0.5663716814159292
857,umag_Jmag_Hmag,rmag_imag_Kmag,0.5659574468085107
620,umag_imag_Jmag,rmag_imag_Kmag,0.5656565656565657
606,umag_imag_Jmag,gmag_rmag_Kmag,0.5655737704918032
986,gmag_rmag_Hamag,gmag_Hamag_Jmag,0.565121412803532
996,gmag_rmag_Hamag,rmag_Hamag_Jmag,0.564755838641189
844,umag_Jmag_Hmag,gmag_imag_Hamag,0.5646551724137931
213,umag_gmag_Jmag,Jmag_Hmag_Kmag,0.5642201834862385
597,umag_imag_Jmag,umag_Hamag_Hmag,0.5641025641025641
550,umag_imag_Hamag,umag_imag_Jmag,0.5636743215031316
965,gmag_rmag_imag,rmag_Hamag_Kmag,0.5633187772925764
962,gmag_rmag_imag,rmag_imag_Kmag,0.5631929046563193
981,gmag_rmag_Hamag,gmag_rmag_Kmag,0.5628997867803839
760,umag_Hamag_Hmag,umag_Hamag_Kmag,0.562753036437247
203,umag_gmag_Jmag,rmag_Hmag_Kmag,0.562358276643991
1143,gmag_imag_Jmag,rmag_imag_Jmag,0.5619047619047619
846,umag_Jmag_Hmag,gmag_imag_Hmag,0.5617021276595744
854,umag_Jmag_Hmag,rmag_imag_Hamag,0.5610278372591005
1230,gmag_Hamag_Jmag,imag_Hamag_Jmag,0.5606694560669456
634,umag_imag_Jmag,Hamag_Jmag_Kmag,0.5593869731800766
946,gmag_rmag_imag,gmag_rmag_Jmag,0.5585585585585586
679,umag_imag_Kmag,umag_Hamag_Jmag,0.5585585585585586
843,umag_Jmag_Hmag,gmag_rmag_Kmag,0.5584415584415584
847,umag_Jmag_Hmag,gmag_imag_Kmag,0.5572354211663068
782,umag_Hamag_Hmag,rmag_imag_Kmag,0.5571955719557196
944,umag_Hmag_Kmag,Jmag_Hmag_Kmag,0.5571725571725572
895,umag_Jmag_Kmag,rmag_Hamag_Hmag,0.5571725571725572
770,umag_Hamag_Hmag,gmag_imag_Jmag,0.556745182012848
391,umag_rmag_Hamag,gmag_Hmag_Kmag,0.5562913907284768
407,umag_rmag_Hamag,imag_Hmag_Kmag,0.5560344827586207
595,umag_imag_Jmag,umag_imag_Kmag,0.5559999999999999
191,umag_gmag_Jmag,gmag_Jmag_Hmag,0.555045871559633
955,gmag_rmag_imag,gmag_Hamag_Kmag,0.555045871559633
979,gmag_rmag_Hamag,gmag_rmag_Jmag,0.5538461538461539
720,umag_Hamag_Jmag,umag_Hamag_Hmag,0.5537340619307832
841,umag_Jmag_Hmag,gmag_rmag_Jmag,0.5536480686695279
410,umag_rmag_Hamag,Hamag_Hmag_Kmag,0.5534591194968553
648,umag_imag_Hmag,gmag_rmag_Kmag,0.553014553014553
509,umag_rmag_Kmag,umag_Hamag_Jmag,0.5528756957328385
466,umag_rmag_Hmag,umag_Hamag_Kmag,0.5528455284552846
988,gmag_rmag_Hamag,gmag_Hamag_Kmag,0.5526315789473685
341,umag_rmag_imag,gmag_Jmag_Hmag,0.5520169851380042
842,umag_Jmag_Hmag,gmag_rmag_Hmag,0.5517241379310345
849,umag_Jmag_Hmag,gmag_Hamag_Hmag,0.5502183406113537
741,umag_Hamag_Jmag,rmag_imag_Jmag,0.5488029465930019
209,umag_gmag_Jmag,imag_Hmag_Kmag,0.547945205479452
998,gmag_rmag_Hamag,rmag_Hamag_Kmag,0.5474613686534217
894,umag_Jmag_Kmag,rmag_Hamag_Jmag,0.5466377440347071
488,umag_rmag_Hmag,rmag_imag_Kmag,0.5465587044534413
954,gmag_rmag_imag,gmag_Hamag_Hmag,0.5458715596330275
689,umag_imag_Kmag,gmag_rmag_Kmag,0.5458422174840085
193,umag_gmag_Jmag,gmag_Hmag_Kmag,0.5454545454545454
603,umag_imag_Jmag,gmag_rmag_Hamag,0.5454545454545454
602,umag_imag_Jmag,gmag_rmag_imag,0.545054945054945
326,umag_rmag_imag,umag_Jmag_Hmag,0.5446985446985447
495,umag_rmag_Hmag,imag_Hamag_Jmag,0.5444015444015444
400,umag_rmag_Hamag,rmag_Jmag_Kmag,0.5442477876106195
598,umag_imag_Jmag,umag_Hamag_Kmag,0.5429141716566865
594,umag_imag_Jmag,umag_imag_Hmag,0.5410821643286574
401,umag_rmag_Hamag,rmag_Hmag_Kmag,0.5407725321888412
781,umag_Hamag_Hmag,rmag_imag_Hmag,0.5403508771929825
267,umag_gmag_Kmag,umag_rmag_Jmag,0.5384615384615384
464,umag_rmag_Hmag,umag_Hamag_Jmag,0.5377532228360958
1118,gmag_imag_Hamag,rmag_Hamag_Jmag,0.5375000000000001
411,umag_rmag_Hamag,Jmag_Hmag_Kmag,0.5374449339207048
951,gmag_rmag_imag,gmag_imag_Hmag,0.536036036036036
461,umag_rmag_Hmag,umag_imag_Jmag,0.5359223300970873
393,umag_rmag_Hamag,rmag_imag_Jmag,0.5358649789029536
459,umag_rmag_Hmag,umag_rmag_Kmag,0.5333333333333334
987,gmag_rmag_Hamag,gmag_Hamag_Hmag,0.5330296127562641
207,umag_gmag_Jmag,imag_Jmag_Hmag,0.5292740046838408
629,umag_imag_Jmag,imag_Hamag_Kmag,0.5283018867924528
556,umag_imag_Hamag,umag_Jmag_Hmag,0.5277161862527716
506,umag_rmag_Kmag,umag_imag_Jmag,0.5275590551181102
692,umag_imag_Kmag,gmag_imag_Hmag,0.5275229357798165
872,umag_Jmag_Hmag,Hamag_Hmag_Kmag,0.5272331154684096
1004,gmag_rmag_Hamag,imag_Hamag_Kmag,0.5270270270270269
628,umag_imag_Jmag,imag_Hamag_Hmag,0.5263157894736842
753,umag_Hamag_Jmag,imag_Jmag_Hmag,0.52465483234714
853,umag_Jmag_Hmag,gmag_Hmag_Kmag,0.5240174672489083
328,umag_rmag_imag,umag_Hmag_Kmag,0.5240174672489083
177,umag_gmag_Jmag,umag_Jmag_Kmag,0.5235849056603773
631,umag_imag_Jmag,imag_Jmag_Kmag,0.5233265720081137
274,umag_gmag_Kmag,umag_Hamag_Jmag,0.5231910946196661
896,umag_Jmag_Kmag,rmag_Hamag_Kmag,0.5219298245614036
869,umag_Jmag_Hmag,imag_Hmag_Kmag,0.5207877461706784
429,umag_rmag_Jmag,gmag_imag_Hamag,0.5204918032786885
297,umag_gmag_Kmag,rmag_imag_Hmag,0.518348623853211
615,umag_imag_Jmag,gmag_Jmag_Kmag,0.5182186234817814
600,umag_imag_Jmag,umag_Jmag_Kmag,0.5180722891566265
863,umag_Jmag_Hmag,rmag_Hmag_Kmag,0.5173913043478261
635,umag_imag_Jmag,Hamag_Hmag_Kmag,0.5173745173745173
625,umag_imag_Jmag,rmag_Jmag_Kmag,0.5158730158730159
201,umag_gmag_Jmag,rmag_Jmag_Hmag,0.5152224824355972
231,umag_gmag_Hmag,gmag_rmag_Hamag,0.5148063781321185
440,umag_rmag_Jmag,rmag_imag_Jmag,0.5129224652087475
455,umag_rmag_Jmag,Hamag_Jmag_Hmag,0.5123595505617977
637,umag_imag_Hmag,umag_imag_Kmag,0.5119305856832972
567,umag_imag_Hamag,gmag_imag_Kmag,0.511727078891258
984,gmag_rmag_Hamag,gmag_imag_Hmag,0.5112107623318386
638,umag_imag_Hmag,umag_Hamag_Jmag,0.511066398390342
221,umag_gmag_Hmag,umag_imag_Jmag,0.5106382978723405
740,umag_Hamag_Jmag,rmag_imag_Hamag,0.5101214574898786
1003,gmag_rmag_Hamag,imag_Hamag_Hmag,0.5100671140939598
271,umag_gmag_Kmag,umag_imag_Jmag,0.50989010989011
705,umag_imag_Kmag,rmag_Hamag_Hmag,0.5095541401273885
415,umag_rmag_Jmag,umag_imag_Jmag,0.5090909090909091
747,umag_Hamag_Jmag,rmag_Jmag_Hmag,0.5089463220675945
961,gmag_rmag_imag,rmag_imag_Hmag,0.5080831408775982
1223,gmag_Hamag_Jmag,rmag_imag_Kmag,0.5054466230936819
487,umag_rmag_Hmag,rmag_imag_Hmag,0.5049309664694279
607,umag_imag_Jmag,gmag_imag_Hamag,0.503225806451613
1231,gmag_Hamag_Jmag,imag_Hamag_Hmag,0.5021834061135371
789,umag_Hamag_Hmag,imag_Hamag_Jmag,0.5019305019305019
425,umag_rmag_Jmag,gmag_rmag_Hamag,0.5011389521640092
632,umag_imag_Jmag,imag_Hmag_Kmag,0.5009940357852882
406,umag_rmag_Hamag,imag_Jmag_Kmag,0.5
566,umag_imag_Hamag,gmag_imag_Hmag,0.4999999999999999
295,umag_gmag_Kmag,rmag_imag_Hamag,0.49899396378269617
1018,gmag_rmag_Jmag,gmag_Hamag_Jmag,0.49887640449438203
873,umag_Jmag_Hmag,Jmag_Hmag_Kmag,0.4988662131519275
626,umag_imag_Jmag,rmag_Hmag_Kmag,0.49794238683127573
1353,rmag_imag_Hamag,rmag_Hamag_Jmag,0.49794238683127573
423,umag_rmag_Jmag,umag_Hmag_Kmag,0.4968152866242038
852,umag_Jmag_Hmag,gmag_Jmag_Kmag,0.49553571428571425
617,umag_imag_Jmag,rmag_imag_Hamag,0.49356223175965663
408,umag_rmag_Hamag,Hamag_Jmag_Hmag,0.49333333333333335
1305,gmag_Jmag_Hmag,Hamag_Jmag_Hmag,0.49237472766884527
862,umag_Jmag_Hmag,rmag_Jmag_Kmag,0.4920273348519363
969,gmag_rmag_imag,imag_Hamag_Jmag,0.4909090909090909
871,umag_Jmag_Hmag,Hamag_Jmag_Kmag,0.4897959183673469
457,umag_rmag_Jmag,Hamag_Hmag_Kmag,0.48936170212765956
405,umag_rmag_Hamag,imag_Jmag_Hmag,0.48878923766816146
985,gmag_rmag_Hamag,gmag_imag_Kmag,0.4885844748858448
616,umag_imag_Jmag,gmag_Hmag_Kmag,0.48739495798319327
273,umag_gmag_Kmag,umag_imag_Kmag,0.486873508353222
1171,gmag_imag_Hmag,rmag_imag_Hmag,0.4867469879518072
1327,gmag_Jmag_Kmag,Hamag_Jmag_Kmag,0.48539325842696623
1152,gmag_imag_Jmag,imag_Hamag_Jmag,0.4852607709750567
224,umag_gmag_Hmag,umag_Hamag_Jmag,0.48510638297872344
229,umag_gmag_Hmag,umag_Hmag_Kmag,0.4848484848484849
1014,gmag_rmag_Jmag,gmag_imag_Hamag,0.4845814977973569
374,umag_rmag_Hamag,umag_Jmag_Hmag,0.4818181818181818
390,umag_rmag_Hamag,gmag_Jmag_Kmag,0.4818181818181818
452,umag_rmag_Jmag,imag_Jmag_Hmag,0.48165137614678905
1108,gmag_imag_Hamag,gmag_Hamag_Jmag,0.48072562358276644
286,umag_gmag_Kmag,gmag_imag_Jmag,0.4805491990846682
1296,gmag_Jmag_Hmag,rmag_Jmag_Hmag,0.4789356984478935
614,umag_imag_Jmag,gmag_Jmag_Hmag,0.4780876494023904
1222,gmag_Hamag_Jmag,rmag_imag_Hmag,0.4780701754385965
1079,gmag_rmag_Kmag,gmag_Hamag_Jmag,0.4778761061946903
533,umag_rmag_Kmag,rmag_imag_Kmag,0.47773279352226716
636,umag_imag_Jmag,Jmag_Hmag_Kmag,0.47679324894514763
1049,gmag_rmag_Hmag,gmag_Hamag_Jmag,0.4761904761904762
1189,gmag_imag_Kmag,gmag_Hamag_Jmag,0.47597254004576656
1075,gmag_rmag_Kmag,gmag_imag_Hamag,0.4748858447488584
995,gmag_rmag_Hamag,rmag_imag_Kmag,0.47441860465116287
950,gmag_rmag_imag,gmag_imag_Jmag,0.47441860465116287
601,umag_imag_Jmag,umag_Hmag_Kmag,0.47346938775510206
399,umag_rmag_Hamag,rmag_Jmag_Hmag,0.47272727272727283
476,umag_rmag_Hmag,gmag_imag_Jmag,0.4708624708624708
809,umag_Hamag_Kmag,gmag_imag_Hmag,0.4697674418604651
416,umag_rmag_Jmag,umag_imag_Hmag,0.4695652173913044
994,gmag_rmag_Hamag,rmag_imag_Hmag,0.4694835680751173
1348,gmag_Hmag_Kmag,Hamag_Hmag_Kmag,0.46874999999999994
222,umag_gmag_Hmag,umag_imag_Hmag,0.46829268292682924
1339,gmag_Hmag_Kmag,rmag_Hmag_Kmag,0.4668192219679634
726,umag_Hamag_Jmag,gmag_rmag_Hamag,0.4666666666666667
446,umag_rmag_Jmag,rmag_Jmag_Hmag,0.4657534246575343
285,umag_gmag_Kmag,gmag_imag_Hamag,0.46511627906976744
730,umag_Hamag_Jmag,gmag_imag_Hamag,0.46473029045643155
424,umag_rmag_Jmag,gmag_rmag_imag,0.4644549763033176
756,umag_Hamag_Jmag,Hamag_Jmag_Hmag,0.4644549763033176
884,umag_Jmag_Kmag,gmag_Hamag_Jmag,0.463302752293578
465,umag_rmag_Hmag,umag_Hamag_Hmag,0.4626168224299065
456,umag_rmag_Jmag,Hamag_Jmag_Kmag,0.46187363834422657
1371,rmag_imag_Jmag,rmag_Hamag_Jmag,0.4615384615384616
383,umag_rmag_Hamag,gmag_imag_Jmag,0.46120689655172414
1225,gmag_Hamag_Jmag,rmag_Hamag_Hmag,0.4611764705882353
217,umag_gmag_Hmag,umag_rmag_Jmag,0.4607843137254901
868,umag_Jmag_Hmag,imag_Jmag_Kmag,0.4600938967136151
522,umag_rmag_Kmag,gmag_imag_Hmag,0.4574209245742092
704,umag_imag_Kmag,rmag_Hamag_Jmag,0.45676274944567624
738,umag_Hamag_Jmag,gmag_Jmag_Kmag,0.4539614561027838
246,umag_gmag_Hmag,rmag_imag_Jmag,0.4534606205250597
724,umag_Hamag_Jmag,umag_Hmag_Kmag,0.44871794871794873
1002,gmag_rmag_Hamag,imag_Hamag_Jmag,0.4485981308411215
485,umag_rmag_Hmag,rmag_imag_Hamag,0.4483516483516483
725,umag_Hamag_Jmag,gmag_rmag_imag,0.4480369515011548
437,umag_rmag_Jmag,gmag_Jmag_Kmag,0.447427293064877
838,umag_Jmag_Hmag,umag_Hmag_Kmag,0.44695259593679454
1089,gmag_rmag_Kmag,rmag_Hamag_Jmag,0.4460093896713615
959,gmag_rmag_imag,rmag_imag_Hamag,0.44493392070484583
1109,gmag_imag_Hamag,gmag_Hamag_Hmag,0.44392523364485986
1035,gmag_rmag_Jmag,imag_Hamag_Hmag,0.44390243902439025
1420,rmag_Hamag_Jmag,rmag_Hamag_Hmag,0.4433734939759036
910,umag_Hmag_Kmag,gmag_rmag_imag,0.44028103044496486
883,umag_Jmag_Kmag,gmag_imag_Kmag,0.4399092970521542
1226,gmag_Hamag_Jmag,rmag_Hamag_Kmag,0.43971631205673756
886,umag_Jmag_Kmag,gmag_Hamag_Kmag,0.4393592677345538
748,umag_Hamag_Jmag,rmag_Jmag_Kmag,0.43722943722943725
757,umag_Hamag_Jmag,Hamag_Jmag_Kmag,0.43621399176954734
691,umag_imag_Kmag,gmag_imag_Jmag,0.4360189573459715
808,umag_Hamag_Kmag,gmag_imag_Jmag,0.4355971896955504
448,umag_rmag_Jmag,rmag_Hmag_Kmag,0.4349775784753363
755,umag_Hamag_Jmag,imag_Hmag_Kmag,0.43388429752066116
453,umag_rmag_Jmag,imag_Jmag_Kmag,0.43317972350230416
945,gmag_rmag_imag,gmag_rmag_Hamag,0.4329004329004329
447,umag_rmag_Jmag,rmag_Jmag_Kmag,0.4328018223234624
1388,rmag_imag_Hmag,rmag_Hamag_Jmag,0.4324324324324324
758,umag_Hamag_Jmag,Hamag_Hmag_Kmag,0.43209876543209874
1256,gmag_Hamag_Hmag,imag_Hamag_Kmag,0.43207126948775054
1163,gmag_imag_Hmag,gmag_Hamag_Jmag,0.4304932735426009
422,umag_rmag_Jmag,umag_Jmag_Kmag,0.4302059496567506
992,gmag_rmag_Hamag,rmag_imag_Hamag,0.4299065420560747
1216,gmag_Hamag_Jmag,gmag_Hamag_Kmag,0.4289044289044288
454,umag_rmag_Jmag,imag_Hmag_Kmag,0.4285714285714286
737,umag_Hamag_Jmag,gmag_Jmag_Hmag,0.4271457085828343
754,umag_Hamag_Jmag,imag_Jmag_Kmag,0.4251626898047723
749,umag_Hamag_Jmag,rmag_Hmag_Kmag,0.4247422680412371
243,umag_gmag_Hmag,gmag_Jmag_Kmag,0.4245524296675192
1224,gmag_Hamag_Jmag,rmag_Hamag_Jmag,0.4245524296675192
640,umag_imag_Hmag,umag_Hamag_Kmag,0.4241071428571428
463,umag_rmag_Hmag,umag_imag_Kmag,0.42272727272727273
1114,gmag_imag_Hamag,rmag_imag_Hamag,0.42129629629629634
710,umag_imag_Kmag,imag_Hamag_Jmag,0.4210526315789474
893,umag_Jmag_Kmag,rmag_imag_Kmag,0.42105263157894735
983,gmag_rmag_Hamag,gmag_imag_Jmag,0.42080378250591016
458,umag_rmag_Jmag,Jmag_Hmag_Kmag,0.41958041958041953
1221,gmag_Hamag_Jmag,rmag_imag_Jmag,0.41769041769041765
1389,rmag_imag_Hmag,rmag_Hamag_Hmag,0.4173027989821883
1028,gmag_rmag_Jmag,rmag_Hamag_Jmag,0.4173027989821883
521,umag_rmag_Kmag,gmag_imag_Jmag,0.41726618705035967
739,umag_Hamag_Jmag,gmag_Hmag_Kmag,0.4170212765957447
885,umag_Jmag_Kmag,gmag_Hamag_Hmag,0.41647597254004576
573,umag_imag_Hamag,gmag_Hmag_Kmag,0.4153498871331829
592,umag_imag_Hamag,Hamag_Hmag_Kmag,0.41409691629955947
680,umag_imag_Kmag,umag_Hamag_Hmag,0.4134831460674157
882,umag_Jmag_Kmag,gmag_imag_Hmag,0.41255605381165916
1029,gmag_rmag_Jmag,rmag_Hamag_Hmag,0.41237113402061853
589,umag_imag_Hamag,imag_Hmag_Kmag,0.4107142857142857
949,gmag_rmag_imag,gmag_imag_Hamag,0.4105011933174224
1107,gmag_imag_Hamag,gmag_imag_Kmag,0.40963855421686746
510,umag_rmag_Kmag,umag_Hamag_Hmag,0.40825688073394495
438,umag_rmag_Jmag,gmag_Hmag_Kmag,0.4075829383886256
263,umag_gmag_Hmag,Hamag_Hmag_Kmag,0.4074941451990633
1249,gmag_Hamag_Hmag,rmag_Hamag_Hmag,0.4073107049608355
982,gmag_rmag_Hamag,gmag_imag_Hamag,0.4058679706601467
469,umag_rmag_Hmag,umag_Hmag_Kmag,0.4054669703872437
879,umag_Jmag_Kmag,gmag_rmag_Kmag,0.40366972477064217
436,umag_rmag_Jmag,gmag_Jmag_Hmag,0.4035874439461883
1404,rmag_imag_Kmag,rmag_Hamag_Jmag,0.40294840294840295
1036,gmag_rmag_Jmag,imag_Hamag_Kmag,0.40191387559808606
1273,gmag_Hamag_Kmag,rmag_Hamag_Kmag,0.40105540897097625
1059,gmag_rmag_Hmag,rmag_Hamag_Jmag,0.400990099009901
389,umag_rmag_Hamag,gmag_Jmag_Hmag,0.4
820,umag_Hamag_Kmag,rmag_imag_Kmag,0.3991323210412147
643,umag_imag_Hmag,umag_Hmag_Kmag,0.3972602739726027
1126,gmag_imag_Hamag,imag_Hamag_Kmag,0.3949367088607595
723,umag_Hamag_Jmag,umag_Jmag_Kmag,0.3938053097345133
253,umag_gmag_Hmag,rmag_Jmag_Kmag,0.39370078740157477
878,umag_Jmag_Kmag,gmag_rmag_Hmag,0.39366515837104077
568,umag_imag_Hamag,gmag_Hamag_Jmag,0.3916083916083916
1248,gmag_Hamag_Hmag,rmag_Hamag_Jmag,0.390745501285347
1060,gmag_rmag_Hmag,rmag_Hamag_Hmag,0.38947368421052636
1470,rmag_Jmag_Hmag,Hamag_Jmag_Hmag,0.3887468030690537
957,gmag_rmag_imag,gmag_Jmag_Kmag,0.38860103626943004
1440,rmag_Hamag_Hmag,imag_Hamag_Hmag,0.3881401617250673
1454,rmag_Hamag_Kmag,imag_Hamag_Kmag,0.3881401617250673
1421,rmag_Hamag_Jmag,rmag_Hamag_Kmag,0.3872549019607843
1318,gmag_Jmag_Kmag,rmag_Jmag_Kmag,0.3851851851851852
1146,gmag_imag_Jmag,rmag_Hamag_Jmag,0.38502673796791437
1425,rmag_Hamag_Jmag,imag_Hamag_Jmag,0.38378378378378375
688,umag_imag_Kmag,gmag_rmag_Hmag,0.38369304556354916
1439,rmag_Hamag_Hmag,imag_Hamag_Jmag,0.3829787234042554
711,umag_imag_Kmag,imag_Hamag_Hmag,0.38248847926267276
262,umag_gmag_Hmag,Hamag_Jmag_Kmag,0.3824289405684755
541,umag_rmag_Kmag,imag_Hamag_Hmag,0.3822843822843823
1091,gmag_rmag_Kmag,rmag_Hamag_Kmag,0.38213399503722084
902,umag_Jmag_Kmag,imag_Hamag_Kmag,0.3807228915662651
911,umag_Hmag_Kmag,gmag_rmag_Hamag,0.3802469135802469
1215,gmag_Hamag_Jmag,gmag_Hamag_Hmag,0.3795620437956204
763,umag_Hamag_Hmag,umag_Hmag_Kmag,0.378132118451025
960,gmag_rmag_imag,rmag_imag_Jmag,0.37783375314861467
583,umag_imag_Hamag,rmag_Hmag_Kmag,0.3772727272727273
1406,rmag_imag_Kmag,rmag_Hamag_Kmag,0.3763440860215054
1080,gmag_rmag_Kmag,gmag_Hamag_Hmag,0.3759036144578313
1272,gmag_Hamag_Kmag,rmag_Hamag_Hmag,0.37566137566137564
575,umag_imag_Hamag,rmag_imag_Jmag,0.37438423645320196
1106,gmag_imag_Hamag,gmag_imag_Hmag,0.37346437346437344
1441,rmag_Hamag_Hmag,imag_Hamag_Kmag,0.37333333333333335
279,umag_gmag_Kmag,umag_Hmag_Kmag,0.373134328358209
1173,gmag_imag_Hmag,rmag_Hamag_Jmag,0.373134328358209
759,umag_Hamag_Jmag,Jmag_Hmag_Kmag,0.3730337078651686
881,umag_Jmag_Kmag,gmag_imag_Jmag,0.37128712871287134
877,umag_Jmag_Kmag,gmag_rmag_Jmag,0.3701923076923077
1105,gmag_imag_Hamag,gmag_imag_Jmag,0.37
1180,gmag_imag_Hmag,imag_Hamag_Hmag,0.3692307692307692
1061,gmag_rmag_Hmag,rmag_Hamag_Kmag,0.3684210526315789
1220,gmag_Hamag_Jmag,rmag_imag_Hamag,0.3681592039800995
1024,gmag_rmag_Jmag,rmag_imag_Hamag,0.36754176610978523
259,umag_gmag_Hmag,imag_Jmag_Kmag,0.3674540682414698
1081,gmag_rmag_Kmag,gmag_Hamag_Kmag,0.36692506459948315
1030,gmag_rmag_Jmag,rmag_Hamag_Kmag,0.36692506459948315
1405,rmag_imag_Kmag,rmag_Hamag_Hmag,0.36692506459948315
1020,gmag_rmag_Jmag,gmag_Hamag_Kmag,0.3640776699029127
1435,rmag_Hamag_Hmag,rmag_Hamag_Kmag,0.36363636363636365
1050,gmag_rmag_Hmag,gmag_Hamag_Hmag,0.36317135549872126
1200,gmag_imag_Kmag,rmag_Hamag_Hmag,0.36315789473684207
892,umag_Jmag_Kmag,rmag_imag_Hmag,0.3623529411764706
1271,gmag_Hamag_Kmag,rmag_Hamag_Jmag,0.3622828784119107
1174,gmag_imag_Hmag,rmag_Hamag_Hmag,0.3621621621621621
1199,gmag_imag_Kmag,rmag_Hamag_Jmag,0.3609022556390977
540,umag_rmag_Kmag,imag_Hamag_Jmag,0.3583535108958838
511,umag_rmag_Kmag,umag_Hamag_Kmag,0.3580562659846548
258,umag_gmag_Hmag,imag_Jmag_Hmag,0.3580562659846548
1482,rmag_Jmag_Kmag,Hamag_Jmag_Kmag,0.35638297872340424
1426,rmag_Hamag_Jmag,imag_Hamag_Hmag,0.35359116022099446
660,umag_imag_Hmag,rmag_imag_Jmag,0.35351089588377727
828,umag_Hamag_Kmag,imag_Hamag_Hmag,0.3532110091743119
293,umag_gmag_Kmag,gmag_Jmag_Kmag,0.35106382978723405
507,umag_rmag_Kmag,umag_imag_Hmag,0.35000000000000003
1493,rmag_Hmag_Kmag,Hamag_Hmag_Kmag,0.3482849604221636
1201,gmag_imag_Kmag,rmag_Hamag_Kmag,0.34782608695652173
1019,gmag_rmag_Jmag,gmag_Hamag_Hmag,0.3473684210526316
901,umag_Jmag_Kmag,imag_Hamag_Hmag,0.3467933491686461
578,umag_imag_Hamag,rmag_Hamag_Jmag,0.3448275862068965
1254,gmag_Hamag_Hmag,imag_Hamag_Jmag,0.3434903047091413
252,umag_gmag_Hmag,rmag_Jmag_Hmag,0.34196891191709844
1427,rmag_Hamag_Jmag,imag_Hamag_Kmag,0.33983286908078
915,umag_Hmag_Kmag,gmag_imag_Hamag,0.3392405063291139
1012,gmag_rmag_Jmag,gmag_rmag_Hmag,0.3384615384615384
1090,gmag_rmag_Kmag,rmag_Hamag_Hmag,0.3379501385041551
1452,rmag_Hamag_Kmag,imag_Hamag_Jmag,0.3379501385041551
702,umag_imag_Kmag,rmag_imag_Hmag,0.33740831295843515
514,umag_rmag_Kmag,umag_Hmag_Kmag,0.3373493975903615
561,umag_imag_Hamag,gmag_rmag_Jmag,0.33653846153846156
1136,gmag_imag_Jmag,gmag_Hamag_Jmag,0.33613445378151263
593,umag_imag_Hamag,Jmag_Hmag_Kmag,0.33587786259541985
967,gmag_rmag_imag,rmag_Jmag_Kmag,0.33513513513513515
260,umag_gmag_Hmag,imag_Hmag_Kmag,0.33507853403141363
261,umag_gmag_Hmag,Hamag_Jmag_Hmag,0.33507853403141363
1453,rmag_Hamag_Kmag,imag_Hamag_Hmag,0.3342618384401114
827,umag_Hamag_Kmag,imag_Hamag_Jmag,0.33421750663129973
1433,rmag_Hamag_Jmag,Hamag_Hmag_Kmag,0.3333333333333333
1279,gmag_Hamag_Kmag,imag_Hamag_Kmag,0.32967032967032966
1428,rmag_Hamag_Jmag,imag_Jmag_Hmag,0.32967032967032966
275,umag_gmag_Kmag,umag_Hamag_Hmag,0.3288409703504043
296,umag_gmag_Kmag,rmag_imag_Jmag,0.32717678100263853
1125,gmag_imag_Hamag,imag_Hamag_Hmag,0.3253333333333333
1013,gmag_rmag_Jmag,gmag_rmag_Kmag,0.3247422680412371
1190,gmag_imag_Kmag,gmag_Hamag_Hmag,0.3230769230769231
1532,imag_Hmag_Kmag,Hamag_Hmag_Kmag,0.32294617563739375
1434,rmag_Hamag_Jmag,Jmag_Hmag_Kmag,0.3224043715846995
1521,imag_Jmag_Hmag,Hamag_Jmag_Hmag,0.3220338983050848
801,umag_Hamag_Kmag,umag_Hmag_Kmag,0.32151300236406616
1293,gmag_Jmag_Hmag,rmag_Hamag_Jmag,0.31978319783197834
1255,gmag_Hamag_Hmag,imag_Hamag_Hmag,0.31955922865013775
1424,rmag_Hamag_Jmag,rmag_Hmag_Kmag,0.3189189189189189
1246,gmag_Hamag_Hmag,rmag_imag_Hmag,0.31830238726790455
900,umag_Jmag_Kmag,imag_Hamag_Jmag,0.3178484107579462
1051,gmag_rmag_Hmag,gmag_Hamag_Kmag,0.3143631436314363
1153,gmag_imag_Jmag,imag_Hamag_Hmag,0.31282051282051276
264,umag_gmag_Hmag,Jmag_Hmag_Kmag,0.3118279569892473
242,umag_gmag_Hmag,gmag_Jmag_Hmag,0.3118279569892473
1314,gmag_Jmag_Kmag,rmag_Hamag_Jmag,0.311614730878187
976,gmag_rmag_imag,Hamag_Jmag_Kmag,0.31147540983606553
1422,rmag_Hamag_Jmag,rmag_Jmag_Hmag,0.3102493074792244
1431,rmag_Hamag_Jmag,Hamag_Jmag_Hmag,0.30939226519337015
780,umag_Hamag_Hmag,rmag_imag_Jmag,0.3076923076923077
874,umag_Jmag_Kmag,umag_Hmag_Kmag,0.30695443645083936
254,umag_gmag_Hmag,rmag_Hmag_Kmag,0.30687830687830686
1175,gmag_imag_Hmag,rmag_Hamag_Kmag,0.30640668523676884
1430,rmag_Hamag_Jmag,imag_Hmag_Kmag,0.30517711171662126
800,umag_Hamag_Kmag,umag_Jmag_Kmag,0.3049095607235142
1247,gmag_Hamag_Hmag,rmag_imag_Kmag,0.30481283422459887
1277,gmag_Hamag_Kmag,imag_Hamag_Jmag,0.30422535211267604
891,umag_Jmag_Kmag,rmag_imag_Jmag,0.3041237113402062
1144,gmag_imag_Jmag,rmag_imag_Hmag,0.3031914893617021
684,umag_imag_Kmag,umag_Hmag_Kmag,0.30317848410757947
1423,rmag_Hamag_Jmag,rmag_Jmag_Kmag,0.3025210084033613
1147,gmag_imag_Jmag,rmag_Hamag_Hmag,0.3025210084033613
1119,gmag_imag_Hamag,rmag_Hamag_Hmag,0.3023255813953488
779,umag_Hamag_Hmag,rmag_imag_Hamag,0.3010204081632653
929,umag_Hmag_Kmag,rmag_Hamag_Jmag,0.3008356545961003
1429,rmag_Hamag_Jmag,imag_Jmag_Kmag,0.29943502824858753
1154,gmag_imag_Jmag,imag_Hamag_Kmag,0.29842931937172773
1164,gmag_imag_Hmag,gmag_Hamag_Hmag,0.2979942693409742
230,umag_gmag_Hmag,gmag_rmag_imag,0.29508196721311475
1191,gmag_imag_Kmag,gmag_Hamag_Kmag,0.2947976878612717
1145,gmag_imag_Jmag,rmag_imag_Kmag,0.29411764705882354
1198,gmag_imag_Kmag,rmag_imag_Kmag,0.29213483146067415
1334,gmag_Hmag_Kmag,rmag_Hamag_Jmag,0.2913165266106443
1432,rmag_Hamag_Jmag,Hamag_Jmag_Kmag,0.2905982905982906
1250,gmag_Hamag_Hmag,rmag_Hamag_Kmag,0.29032258064516125
591,umag_imag_Hamag,Hamag_Jmag_Kmag,0.2887139107611549
1372,rmag_imag_Jmag,rmag_Hamag_Hmag,0.2881844380403459
1354,rmag_imag_Hamag,rmag_Hamag_Hmag,0.28813559322033905
1345,gmag_Hmag_Kmag,imag_Hmag_Kmag,0.2872628726287263
244,umag_gmag_Hmag,gmag_Hmag_Kmag,0.2872628726287263
683,umag_imag_Kmag,umag_Jmag_Kmag,0.2871794871794872
889,umag_Jmag_Kmag,gmag_Hmag_Kmag,0.2871536523929471
977,gmag_rmag_imag,Hamag_Hmag_Kmag,0.2865013774104683
1527,imag_Jmag_Kmag,Hamag_Jmag_Kmag,0.2857142857142857
639,umag_imag_Hmag,umag_Hamag_Hmag,0.2848837209302326
993,gmag_rmag_Hamag,rmag_imag_Jmag,0.28415300546448086
890,umag_Jmag_Kmag,rmag_imag_Hamag,0.27918781725888325
1117,gmag_imag_Hamag,rmag_imag_Kmag,0.2785515320334262
1135,gmag_imag_Jmag,gmag_imag_Kmag,0.2779291553133515
975,gmag_rmag_imag,Hamag_Jmag_Hmag,0.2776203966005666
681,umag_imag_Kmag,umag_Hamag_Kmag,0.2697947214076246
1124,gmag_imag_Hamag,imag_Hamag_Jmag,0.26966292134831465
1179,gmag_imag_Hmag,imag_Hamag_Jmag,0.2682215743440233
973,gmag_rmag_imag,imag_Jmag_Kmag,0.2678062678062678
686,umag_imag_Kmag,gmag_rmag_Hamag,0.26740947075208915
978,gmag_rmag_imag,Jmag_Hmag_Kmag,0.26704545454545453
927,umag_Hmag_Kmag,rmag_imag_Hmag,0.2663316582914573
582,umag_imag_Hamag,rmag_Jmag_Kmag,0.26525198938992045
516,umag_rmag_Kmag,gmag_rmag_Hamag,0.26519337016574585
1148,gmag_imag_Jmag,rmag_Hamag_Kmag,0.26285714285714284
909,umag_Jmag_Kmag,Jmag_Hmag_Kmag,0.26221079691516713
1270,gmag_Hamag_Kmag,rmag_imag_Kmag,0.2618384401114206
1446,rmag_Hamag_Hmag,Hamag_Jmag_Kmag,0.26162790697674415
1315,gmag_Jmag_Kmag,rmag_Hamag_Hmag,0.25806451612903225
1390,rmag_imag_Hmag,rmag_Hamag_Kmag,0.25806451612903225
1160,gmag_imag_Jmag,Hamag_Hmag_Kmag,0.25698324022346364
1010,gmag_rmag_Hamag,Hamag_Hmag_Kmag,0.25414364640883974
1076,gmag_rmag_Kmag,gmag_imag_Jmag,0.25210084033613445
486,umag_rmag_Hmag,rmag_imag_Jmag,0.25196850393700787
990,gmag_rmag_Hamag,gmag_Jmag_Kmag,0.2507288629737609
875,umag_Jmag_Kmag,gmag_rmag_imag,0.2506811989100817
906,umag_Jmag_Kmag,Hamag_Jmag_Hmag,0.24793388429752064
672,umag_imag_Hmag,imag_Jmag_Hmag,0.24793388429752064
899,umag_Jmag_Kmag,rmag_Hmag_Kmag,0.24671916010498687
1394,rmag_imag_Hmag,imag_Hamag_Jmag,0.24633431085043986
908,umag_Jmag_Kmag,Hamag_Hmag_Kmag,0.2454308093994778
905,umag_Jmag_Kmag,imag_Hmag_Kmag,0.2454308093994778
313,umag_gmag_Kmag,Hamag_Hmag_Kmag,0.24376731301939056
1302,gmag_Jmag_Hmag,imag_Jmag_Hmag,0.2425876010781671
513,umag_rmag_Kmag,umag_Jmag_Kmag,0.2421052631578947
1027,gmag_rmag_Jmag,rmag_imag_Kmag,0.24089635854341734
1278,gmag_Hamag_Kmag,imag_Hamag_Hmag,0.24022346368715083
1026,gmag_rmag_Jmag,rmag_imag_Hmag,0.2395543175487465
1437,rmag_Hamag_Hmag,rmag_Jmag_Kmag,0.23952095808383234
1134,gmag_imag_Jmag,gmag_imag_Hmag,0.23931623931623927
880,umag_Jmag_Kmag,gmag_imag_Hamag,0.23896103896103896
659,umag_imag_Hmag,rmag_imag_Hamag,0.2385786802030457
1438,rmag_Hamag_Hmag,rmag_Hmag_Kmag,0.23661971830985915
1240,gmag_Hamag_Hmag,gmag_Hamag_Kmag,0.23626373626373623
498,umag_rmag_Hmag,imag_Jmag_Hmag,0.23295454545454544
903,umag_Jmag_Kmag,imag_Jmag_Hmag,0.23268698060941825
1443,rmag_Hamag_Hmag,imag_Jmag_Kmag,0.23214285714285715
762,umag_Hamag_Hmag,umag_Jmag_Kmag,0.23180592991913745
936,umag_Hmag_Kmag,imag_Hamag_Hmag,0.2311827956989247
897,umag_Jmag_Kmag,rmag_Jmag_Hmag,0.22826086956521738
312,umag_gmag_Kmag,Hamag_Jmag_Kmag,0.22608695652173913
1496,imag_Hamag_Jmag,imag_Hamag_Kmag,0.22551928783382788
675,umag_imag_Hmag,Hamag_Jmag_Hmag,0.22408963585434175
1495,imag_Hamag_Jmag,imag_Hamag_Hmag,0.22352941176470587
764,umag_Hamag_Hmag,gmag_rmag_imag,0.22346368715083798
1142,gmag_imag_Jmag,rmag_imag_Hamag,0.22157434402332363
966,gmag_rmag_imag,rmag_Jmag_Hmag,0.22093023255813954
958,gmag_rmag_imag,gmag_Hmag_Kmag,0.22023809523809523
792,umag_Hamag_Hmag,imag_Jmag_Hmag,0.2184873949579832
228,umag_gmag_Hmag,umag_Jmag_Kmag,0.21714285714285714
1137,gmag_imag_Jmag,gmag_Hamag_Hmag,0.21700879765395895
1502,imag_Hamag_Jmag,Hamag_Hmag_Kmag,0.21637426900584797
303,umag_gmag_Kmag,rmag_Jmag_Kmag,0.21492537313432838
311,umag_gmag_Kmag,Hamag_Jmag_Hmag,0.21238938053097345
588,umag_imag_Hamag,imag_Jmag_Kmag,0.21138211382113822
1232,gmag_Hamag_Jmag,imag_Hamag_Kmag,0.20833333333333334
1151,gmag_imag_Jmag,rmag_Hmag_Kmag,0.20771513353115725
1157,gmag_imag_Jmag,imag_Hmag_Kmag,0.20710059171597633
876,umag_Jmag_Kmag,gmag_rmag_Hamag,0.2054054054054054
925,umag_Hmag_Kmag,rmag_imag_Hamag,0.2054054054054054
314,umag_gmag_Kmag,Jmag_Hmag_Kmag,0.2028985507246377
1205,gmag_imag_Kmag,imag_Hamag_Jmag,0.2011834319526627
1448,rmag_Hamag_Hmag,Jmag_Hmag_Kmag,0.2005899705014749
1065,gmag_rmag_Hmag,imag_Hamag_Jmag,0.2
1034,gmag_rmag_Jmag,imag_Hamag_Jmag,0.19939577039274925
294,umag_gmag_Kmag,gmag_Hmag_Kmag,0.19939577039274925
887,umag_Jmag_Kmag,gmag_Jmag_Hmag,0.19886363636363635
309,umag_gmag_Kmag,imag_Jmag_Kmag,0.19879518072289157
468,umag_rmag_Hmag,umag_Jmag_Kmag,0.19726027397260273
501,umag_rmag_Hmag,Hamag_Jmag_Hmag,0.19642857142857142
1046,gmag_rmag_Hmag,gmag_imag_Jmag,0.19596541786743515
1138,gmag_imag_Jmag,gmag_Hamag_Kmag,0.1952662721893491
1023,gmag_rmag_Jmag,gmag_Hmag_Kmag,0.1941176470588235
642,umag_imag_Hmag,umag_Jmag_Kmag,0.19047619047619047
565,umag_imag_Hamag,gmag_imag_Jmag,0.18888888888888888
1000,gmag_rmag_Hamag,rmag_Jmag_Kmag,0.1884498480243161
1116,gmag_imag_Hamag,rmag_imag_Hmag,0.18787878787878787
657,umag_imag_Hmag,gmag_Jmag_Kmag,0.18713450292397663
1009,gmag_rmag_Hamag,Hamag_Jmag_Kmag,0.18674698795180722
1316,gmag_Jmag_Kmag,rmag_Hamag_Kmag,0.18404907975460122
278,umag_gmag_Kmag,umag_Jmag_Kmag,0.18378378378378377
483,umag_rmag_Hmag,gmag_Jmag_Kmag,0.1834319526627219
974,gmag_rmag_imag,imag_Hmag_Kmag,0.18126888217522658
587,umag_imag_Hamag,imag_Jmag_Hmag,0.17886178861788615
1499,imag_Hamag_Jmag,imag_Hmag_Kmag,0.17857142857142858
310,umag_gmag_Kmag,imag_Hmag_Kmag,0.17751479289940827
475,umag_rmag_Hmag,gmag_imag_Hamag,0.17699115044247787
503,umag_rmag_Hmag,Hamag_Hmag_Kmag,0.17699115044247787
1410,rmag_imag_Kmag,imag_Hamag_Jmag,0.17682926829268292
972,gmag_rmag_imag,imag_Jmag_Hmag,0.17682926829268292
1359,rmag_imag_Hamag,imag_Hamag_Jmag,0.17682926829268292
1042,gmag_rmag_Jmag,Hamag_Hmag_Kmag,0.1764705882352941
795,umag_Hamag_Hmag,Hamag_Jmag_Hmag,0.1764705882352941
991,gmag_rmag_Hamag,gmag_Hmag_Kmag,0.1762917933130699
1007,gmag_rmag_Hamag,imag_Hmag_Kmag,0.17522658610271905
1442,rmag_Hamag_Hmag,imag_Jmag_Hmag,0.1746987951807229
1055,gmag_rmag_Hmag,rmag_imag_Hamag,0.17365269461077848
1444,rmag_Hamag_Hmag,imag_Hmag_Kmag,0.17073170731707318
1243,gmag_Hamag_Hmag,gmag_Hmag_Kmag,0.1691842900302115
1095,gmag_rmag_Kmag,imag_Hamag_Jmag,0.16822429906542055
1266,gmag_Hamag_Kmag,gmag_Hmag_Kmag,0.16816816816816818
572,umag_imag_Hamag,gmag_Jmag_Kmag,0.1676300578034682
1244,gmag_Hamag_Hmag,rmag_imag_Hamag,0.16265060240963858
1168,gmag_imag_Hmag,gmag_Hmag_Kmag,0.16167664670658685
304,umag_gmag_Kmag,rmag_Hmag_Kmag,0.1580547112462006
1017,gmag_rmag_Jmag,gmag_imag_Kmag,0.1580547112462006
1510,imag_Hamag_Hmag,Hamag_Hmag_Kmag,0.1566265060240964
677,umag_imag_Hmag,Hamag_Hmag_Kmag,0.15615615615615616
1333,gmag_Hmag_Kmag,rmag_imag_Kmag,0.15479876160990716
1165,gmag_imag_Hmag,gmag_Hamag_Kmag,0.154320987654321
532,umag_rmag_Kmag,rmag_imag_Hmag,0.1543026706231454
1459,rmag_Hamag_Kmag,Hamag_Jmag_Kmag,0.1518987341772152
1084,gmag_rmag_Kmag,gmag_Hmag_Kmag,0.15151515151515152
968,gmag_rmag_imag,rmag_Hmag_Kmag,0.15151515151515152
1373,rmag_imag_Jmag,rmag_Hamag_Kmag,0.15141955835962148
1001,gmag_rmag_Hamag,rmag_Hmag_Kmag,0.1509433962264151
1436,rmag_Hamag_Hmag,rmag_Jmag_Hmag,0.15060240963855423
1120,gmag_imag_Hamag,rmag_Hamag_Kmag,0.1504702194357367
1194,gmag_imag_Kmag,gmag_Hmag_Kmag,0.15015015015015015
308,umag_gmag_Kmag,imag_Jmag_Hmag,0.14860681114551086
281,umag_gmag_Kmag,gmag_rmag_Hamag,0.147239263803681
777,umag_Hamag_Hmag,gmag_Jmag_Kmag,0.14589665653495443
1112,gmag_imag_Hamag,gmag_Jmag_Kmag,0.14465408805031446
1331,gmag_Hmag_Kmag,rmag_imag_Jmag,0.14414414414414414
1342,gmag_Hmag_Kmag,imag_Hamag_Kmag,0.14285714285714285
1269,gmag_Hamag_Kmag,rmag_imag_Hmag,0.14285714285714285
376,umag_rmag_Hamag,umag_Hmag_Kmag,0.14285714285714285
1132,gmag_imag_Hamag,Hamag_Hmag_Kmag,0.14153846153846153
937,umag_Hmag_Kmag,imag_Hamag_Kmag,0.14117647058823532
1039,gmag_rmag_Jmag,imag_Hmag_Kmag,0.13813813813813813
1033,gmag_rmag_Jmag,rmag_Hmag_Kmag,0.13813813813813813
1500,imag_Hamag_Jmag,Hamag_Jmag_Hmag,0.13793103448275862
1158,gmag_imag_Jmag,Hamag_Jmag_Hmag,0.13749999999999998
658,umag_imag_Hmag,gmag_Hmag_Kmag,0.13622291021671826
699,umag_imag_Kmag,gmag_Hmag_Kmag,0.13580246913580243
1445,rmag_Hamag_Hmag,Hamag_Jmag_Hmag,0.1337579617834395
701,umag_imag_Kmag,rmag_imag_Jmag,0.1337386018237082
1103,gmag_rmag_Kmag,Hamag_Hmag_Kmag,0.13125
1054,gmag_rmag_Hmag,gmag_Hmag_Kmag,0.13084112149532712
1294,gmag_Jmag_Hmag,rmag_Hamag_Hmag,0.13084112149532712
1460,rmag_Hamag_Kmag,Hamag_Hmag_Kmag,0.13003095975232198
1349,gmag_Hmag_Kmag,Jmag_Hmag_Kmag,0.12804878048780488
1006,gmag_rmag_Hamag,imag_Jmag_Kmag,0.12738853503184713
1233,gmag_Hamag_Jmag,imag_Jmag_Hmag,0.12698412698412698
1113,gmag_imag_Hamag,gmag_Hmag_Kmag,0.12658227848101264
1159,gmag_imag_Jmag,Hamag_Jmag_Kmag,0.12258064516129032
1517,imag_Hamag_Kmag,Hamag_Hmag_Kmag,0.121580547112462
1011,gmag_rmag_Hamag,Jmag_Hmag_Kmag,0.12101910828025478
930,umag_Hmag_Kmag,rmag_Hamag_Hmag,0.12101910828025478
674,umag_imag_Hmag,imag_Hmag_Kmag,0.1201201201201201
484,umag_rmag_Hmag,gmag_Hmag_Kmag,0.1198738170347003
778,umag_Hamag_Hmag,gmag_Hmag_Kmag,0.1198738170347003
797,umag_Hamag_Hmag,Hamag_Hmag_Kmag,0.1198738170347003
1245,gmag_Hamag_Hmag,rmag_imag_Jmag,0.11949685534591195
645,umag_imag_Hmag,gmag_rmag_Hamag,0.11949685534591195
656,umag_imag_Hmag,gmag_Jmag_Hmag,0.11912225705329152
1332,gmag_Hmag_Kmag,rmag_imag_Hmag,0.11912225705329152
1213,gmag_imag_Kmag,Hamag_Hmag_Kmag,0.11874999999999998
1285,gmag_Hamag_Kmag,Hamag_Hmag_Kmag,0.11801242236024843
1523,imag_Jmag_Hmag,Hamag_Hmag_Kmag,0.11550151975683891
1227,gmag_Hamag_Jmag,rmag_Jmag_Hmag,0.11501597444089456
816,umag_Hamag_Kmag,gmag_Hmag_Kmag,0.11464968152866241
1073,gmag_rmag_Hmag,Hamag_Hmag_Kmag,0.11428571428571428
548,umag_rmag_Kmag,Hamag_Hmag_Kmag,0.11392405063291139
935,umag_Hmag_Kmag,imag_Hamag_Jmag,0.11392405063291139
1187,gmag_imag_Hmag,Hamag_Hmag_Kmag,0.11392405063291139
1456,rmag_Hamag_Kmag,imag_Jmag_Kmag,0.11147540983606558
1450,rmag_Hamag_Kmag,rmag_Jmag_Kmag,0.1103896103896104
1335,gmag_Hmag_Kmag,rmag_Hamag_Hmag,0.10932475884244373
471,umag_rmag_Hmag,gmag_rmag_Hamag,0.10897435897435898
1276,gmag_Hamag_Kmag,rmag_Hmag_Kmag,0.10828025477707007
1402,rmag_imag_Hmag,Hamag_Hmag_Kmag,0.10793650793650794
835,umag_Hamag_Kmag,Hamag_Hmag_Kmag,0.10759493670886076
718,umag_imag_Kmag,Hamag_Hmag_Kmag,0.10725552050473187
1367,rmag_imag_Hamag,Hamag_Hmag_Kmag,0.10725552050473187
1237,gmag_Hamag_Jmag,Hamag_Jmag_Kmag,0.10725552050473187
1447,rmag_Hamag_Hmag,Hamag_Hmag_Kmag,0.10725552050473187
1472,rmag_Jmag_Hmag,Hamag_Hmag_Kmag,0.10691823899371068
819,umag_Hamag_Kmag,rmag_imag_Hmag,0.10591900311526481
590,umag_imag_Hamag,Hamag_Jmag_Hmag,0.10397553516819572
786,umag_Hamag_Hmag,rmag_Jmag_Hmag,0.10397553516819572
1451,rmag_Hamag_Kmag,rmag_Hmag_Kmag,0.10191082802547771
1299,gmag_Jmag_Hmag,imag_Hamag_Jmag,0.10126582278481013
1338,gmag_Hmag_Kmag,rmag_Jmag_Kmag,0.1
1328,gmag_Jmag_Kmag,Hamag_Hmag_Kmag,0.1
1172,gmag_imag_Hmag,rmag_imag_Kmag,0.09968847352024923
1538,Hamag_Jmag_Kmag,Jmag_Hmag_Kmag,0.09937888198757763
1535,Hamag_Jmag_Hmag,Hamag_Hmag_Kmag,0.0967741935483871
649,umag_imag_Hmag,gmag_imag_Hamag,0.0967741935483871
1218,gmag_Hamag_Jmag,gmag_Jmag_Kmag,0.0967741935483871
529,umag_rmag_Kmag,gmag_Hmag_Kmag,0.09646302250803859
531,umag_rmag_Kmag,rmag_imag_Jmag,0.09615384615384615
1418,rmag_imag_Kmag,Hamag_Hmag_Kmag,0.09615384615384615
1253,gmag_Hamag_Hmag,rmag_Hmag_Kmag,0.09615384615384615
776,umag_Hamag_Hmag,gmag_Jmag_Hmag,0.09523809523809523
818,umag_Hamag_Kmag,rmag_imag_Jmag,0.09493670886075949
1309,gmag_Jmag_Kmag,gmag_Hmag_Kmag,0.09493670886075949
1537,Hamag_Jmag_Kmag,Hamag_Hmag_Kmag,0.09493670886075949
919,umag_Hmag_Kmag,gmag_Hamag_Jmag,0.09210526315789473
1457,rmag_Hamag_Kmag,imag_Hmag_Kmag,0.0909090909090909
1355,rmag_imag_Hamag,rmag_Hamag_Kmag,0.09061488673139159
667,umag_imag_Hmag,rmag_Jmag_Kmag,0.090032154340836
676,umag_imag_Hmag,Hamag_Jmag_Kmag,0.08974358974358974
1188,gmag_imag_Hmag,Jmag_Hmag_Kmag,0.08945686900958466
530,umag_rmag_Kmag,rmag_imag_Hamag,0.08888888888888888
1067,gmag_rmag_Hmag,imag_Hamag_Kmag,0.08860759493670886
796,umag_Hamag_Hmag,Hamag_Jmag_Kmag,0.08860759493670886
1483,rmag_Jmag_Kmag,Hamag_Hmag_Kmag,0.08860759493670886
1528,imag_Jmag_Kmag,Hamag_Hmag_Kmag,0.08832807570977917
1234,gmag_Hamag_Jmag,imag_Jmag_Kmag,0.08552631578947369
1282,gmag_Hamag_Kmag,imag_Hmag_Kmag,0.08524590163934427
1377,rmag_imag_Jmag,imag_Hamag_Jmag,0.08469055374592835
787,umag_Hamag_Hmag,rmag_Jmag_Kmag,0.08469055374592835
482,umag_rmag_Hmag,gmag_Jmag_Hmag,0.08414239482200649
1217,gmag_Hamag_Jmag,gmag_Jmag_Hmag,0.08387096774193549
1295,gmag_Jmag_Hmag,rmag_Hamag_Kmag,0.08387096774193549
1290,gmag_Jmag_Hmag,rmag_imag_Jmag,0.08360128617363345
1403,rmag_imag_Hmag,Jmag_Hmag_Kmag,0.08360128617363345
1178,gmag_imag_Hmag,rmag_Hmag_Kmag,0.08360128617363345
1016,gmag_rmag_Jmag,gmag_imag_Hmag,0.0830670926517572
1291,gmag_Jmag_Hmag,rmag_imag_Hmag,0.08280254777070063
494,umag_rmag_Hmag,rmag_Hmag_Kmag,0.08280254777070063
716,umag_imag_Kmag,Hamag_Jmag_Hmag,0.08253968253968255
500,umag_rmag_Hmag,imag_Hmag_Kmag,0.08201892744479494
1236,gmag_Hamag_Jmag,Hamag_Jmag_Hmag,0.07973421926910298
807,umag_Hamag_Kmag,gmag_imag_Hamag,0.07920792079207922
700,umag_imag_Kmag,rmag_imag_Hamag,0.07868852459016394
1228,gmag_Hamag_Jmag,rmag_Jmag_Kmag,0.07843137254901962
1139,gmag_imag_Jmag,gmag_Jmag_Hmag,0.07817589576547232
788,umag_Hamag_Hmag,rmag_Hmag_Kmag,0.07817589576547232
1214,gmag_imag_Kmag,Jmag_Hmag_Kmag,0.07792207792207793
917,umag_Hmag_Kmag,gmag_imag_Hmag,0.07766990291262137
697,umag_imag_Kmag,gmag_Jmag_Hmag,0.07766990291262137
1344,gmag_Hmag_Kmag,imag_Jmag_Kmag,0.07741935483870968
1419,rmag_imag_Kmag,Jmag_Hmag_Kmag,0.07741935483870968
1261,gmag_Hamag_Hmag,Hamag_Jmag_Kmag,0.07741935483870968
1507,imag_Hamag_Hmag,imag_Hmag_Kmag,0.07692307692307693
1129,gmag_imag_Hamag,imag_Hmag_Kmag,0.0726072607260726
1021,gmag_rmag_Jmag,gmag_Jmag_Hmag,0.0726072607260726
545,umag_rmag_Kmag,imag_Hmag_Kmag,0.07236842105263158
1197,gmag_imag_Kmag,rmag_imag_Hmag,0.07236842105263158
1292,gmag_Jmag_Hmag,rmag_imag_Kmag,0.0721311475409836
1184,gmag_imag_Hmag,imag_Hmag_Kmag,0.0721311475409836
709,umag_imag_Kmag,rmag_Hmag_Kmag,0.0718954248366013
690,umag_imag_Kmag,gmag_imag_Hamag,0.0718954248366013
1343,gmag_Hmag_Kmag,imag_Jmag_Hmag,0.0718954248366013
1100,gmag_rmag_Kmag,imag_Hmag_Kmag,0.0718954248366013
814,umag_Hamag_Kmag,gmag_Jmag_Hmag,0.07142857142857142
1347,gmag_Hmag_Kmag,Hamag_Jmag_Kmag,0.07119741100323623
1300,gmag_Jmag_Hmag,imag_Hamag_Hmag,0.07096774193548387
1162,gmag_imag_Hmag,gmag_imag_Kmag,0.07073954983922828
493,umag_rmag_Hmag,rmag_Jmag_Kmag,0.07073954983922828
1044,gmag_rmag_Hmag,gmag_rmag_Kmag,0.06984126984126983
1307,gmag_Jmag_Hmag,Hamag_Hmag_Kmag,0.06984126984126983
1376,rmag_imag_Jmag,rmag_Hmag_Kmag,0.06874999999999999
1045,gmag_rmag_Hmag,gmag_imag_Hamag,0.06711409395973153
1239,gmag_Hamag_Jmag,Jmag_Hmag_Kmag,0.06688963210702341
1149,gmag_imag_Jmag,rmag_Jmag_Hmag,0.06666666666666667
1131,gmag_imag_Hamag,Hamag_Jmag_Kmag,0.06666666666666667
1150,gmag_imag_Jmag,rmag_Jmag_Kmag,0.06644518272425248
1140,gmag_imag_Jmag,gmag_Jmag_Kmag,0.06644518272425248
1155,gmag_imag_Jmag,imag_Jmag_Hmag,0.0662251655629139
826,umag_Hamag_Kmag,rmag_Hmag_Kmag,0.066006600660066
1458,rmag_Hamag_Kmag,Hamag_Jmag_Hmag,0.066006600660066
1210,gmag_imag_Kmag,imag_Hmag_Kmag,0.06578947368421051
1241,gmag_Hamag_Hmag,gmag_Jmag_Hmag,0.06578947368421051
1415,rmag_imag_Kmag,imag_Hmag_Kmag,0.06578947368421051
539,umag_rmag_Kmag,rmag_Hmag_Kmag,0.065359477124183
668,umag_imag_Hmag,rmag_Hmag_Kmag,0.065359477124183
1166,gmag_imag_Hmag,gmag_Jmag_Hmag,0.065359477124183
715,umag_imag_Kmag,imag_Hmag_Kmag,0.06514657980456025
504,umag_rmag_Hmag,Jmag_Hmag_Kmag,0.06514657980456025
1301,gmag_Jmag_Hmag,imag_Hamag_Kmag,0.06514657980456025
673,umag_imag_Hmag,imag_Jmag_Kmag,0.06493506493506492
581,umag_imag_Hamag,rmag_Jmag_Hmag,0.06472491909385113
913,umag_Hmag_Kmag,gmag_rmag_Hmag,0.06451612903225806
1040,gmag_rmag_Jmag,Hamag_Jmag_Hmag,0.06040268456375839
1219,gmag_Hamag_Jmag,gmag_Hmag_Kmag,0.06020066889632108
1264,gmag_Hamag_Kmag,gmag_Jmag_Hmag,0.060000000000000005
1085,gmag_rmag_Kmag,rmag_imag_Hamag,0.060000000000000005
769,umag_Hamag_Hmag,gmag_imag_Hamag,0.059800664451827246
794,umag_Hamag_Hmag,imag_Hmag_Kmag,0.059602649006622516
1259,gmag_Hamag_Hmag,imag_Hmag_Kmag,0.05940594059405941
1115,gmag_imag_Hamag,rmag_imag_Jmag,0.05940594059405941
833,umag_Hamag_Kmag,Hamag_Jmag_Hmag,0.05921052631578948
470,umag_rmag_Hmag,gmag_rmag_imag,0.05921052631578948
1192,gmag_imag_Kmag,gmag_Jmag_Hmag,0.05921052631578948
1529,imag_Jmag_Kmag,Jmag_Hmag_Kmag,0.05901639344262295
502,umag_rmag_Hmag,Hamag_Jmag_Kmag,0.05901639344262295
1484,rmag_Jmag_Kmag,Jmag_Hmag_Kmag,0.05901639344262295
527,umag_rmag_Kmag,gmag_Jmag_Hmag,0.058823529411764705
1288,gmag_Jmag_Hmag,gmag_Hmag_Kmag,0.05863192182410423
1385,rmag_imag_Jmag,Hamag_Hmag_Kmag,0.058252427184466014
1110,gmag_imag_Hamag,gmag_Hamag_Kmag,0.05405405405405406
520,umag_rmag_Kmag,gmag_imag_Hamag,0.05405405405405406
272,umag_gmag_Kmag,umag_imag_Hmag,0.05405405405405406
1383,rmag_imag_Jmag,Hamag_Jmag_Hmag,0.053691275167785234
280,umag_gmag_Kmag,gmag_rmag_imag,0.053691275167785234
1539,Hamag_Hmag_Kmag,Jmag_Hmag_Kmag,0.053691275167785234
1229,gmag_Hamag_Jmag,rmag_Hmag_Kmag,0.053691275167785234
1015,gmag_rmag_Jmag,gmag_imag_Jmag,0.053511705685618735
1399,rmag_imag_Hmag,imag_Hmag_Kmag,0.053511705685618735
1514,imag_Hamag_Kmag,imag_Hmag_Kmag,0.053511705685618735
798,umag_Hamag_Hmag,Jmag_Hmag_Kmag,0.05333333333333333
1141,gmag_imag_Jmag,gmag_Hmag_Kmag,0.05333333333333333
916,umag_Hmag_Kmag,gmag_imag_Jmag,0.05333333333333333
1082,gmag_rmag_Kmag,gmag_Jmag_Hmag,0.05333333333333333
832,umag_Hamag_Kmag,imag_Hmag_Kmag,0.05333333333333333
1052,gmag_rmag_Hmag,gmag_Jmag_Hmag,0.053156146179401995
1464,rmag_Jmag_Hmag,imag_Hamag_Jmag,0.052980132450331126
549,umag_rmag_Kmag,Jmag_Hmag_Kmag,0.052980132450331126
719,umag_imag_Kmag,Jmag_Hmag_Kmag,0.052805280528052806
644,umag_imag_Hmag,gmag_rmag_imag,0.052631578947368425
1312,gmag_Jmag_Kmag,rmag_imag_Hmag,0.05228758169934641
1324,gmag_Jmag_Kmag,imag_Jmag_Kmag,0.04745762711864407
1181,gmag_imag_Hmag,imag_Hamag_Kmag,0.0472972972972973
1156,gmag_imag_Jmag,imag_Jmag_Kmag,0.04713804713804713
678,umag_imag_Hmag,Jmag_Hmag_Kmag,0.04697986577181208
1337,gmag_Hmag_Kmag,rmag_Jmag_Hmag,0.046822742474916385
836,umag_Hamag_Kmag,Jmag_Hmag_Kmag,0.04666666666666666
1461,rmag_Hamag_Kmag,Jmag_Hmag_Kmag,0.04666666666666666
1321,gmag_Jmag_Kmag,imag_Hamag_Hmag,0.04666666666666666
1501,imag_Hamag_Jmag,Hamag_Jmag_Kmag,0.04666666666666666
1104,gmag_rmag_Kmag,Jmag_Hmag_Kmag,0.046511627906976744
1489,rmag_Hmag_Kmag,imag_Jmag_Kmag,0.046511627906976744
1346,gmag_Hmag_Kmag,Hamag_Jmag_Hmag,0.04620462046204621
499,umag_rmag_Hmag,imag_Jmag_Kmag,0.04620462046204621
1268,gmag_Hamag_Kmag,rmag_imag_Jmag,0.0459016393442623
1289,gmag_Jmag_Hmag,rmag_imag_Hamag,0.0459016393442623
515,umag_rmag_Kmag,gmag_rmag_imag,0.04081632653061224
765,umag_Hamag_Hmag,gmag_rmag_Hamag,0.04081632653061224
802,umag_Hamag_Kmag,gmag_rmag_imag,0.04081632653061224
803,umag_Hamag_Kmag,gmag_rmag_Hamag,0.04081632653061224
685,umag_imag_Kmag,gmag_rmag_imag,0.04067796610169492
1393,rmag_imag_Hmag,rmag_Hmag_Kmag,0.04067796610169492
698,umag_imag_Kmag,gmag_Jmag_Kmag,0.04067796610169492
1130,gmag_imag_Hamag,Hamag_Jmag_Hmag,0.04054054054054054
956,gmag_rmag_imag,gmag_Jmag_Hmag,0.0404040404040404
1267,gmag_Hamag_Kmag,rmag_imag_Hamag,0.040268456375838924
1070,gmag_rmag_Hmag,imag_Hmag_Kmag,0.040268456375838924
1409,rmag_imag_Kmag,rmag_Hmag_Kmag,0.04013377926421405
1074,gmag_rmag_Hmag,Jmag_Hmag_Kmag,0.04013377926421405
1286,gmag_Hamag_Kmag,Jmag_Hmag_Kmag,0.04000000000000001
1260,gmag_Hamag_Hmag,Hamag_Jmag_Hmag,0.04000000000000001
1204,gmag_imag_Kmag,rmag_Hmag_Kmag,0.03986710963455149
920,umag_Hmag_Kmag,gmag_Hamag_Hmag,0.03973509933774835
1041,gmag_rmag_Jmag,Hamag_Jmag_Kmag,0.03973509933774835
1329,gmag_Jmag_Kmag,Jmag_Hmag_Kmag,0.03973509933774835
558,umag_imag_Hamag,umag_Hmag_Kmag,0.03973509933774835
914,umag_Hmag_Kmag,gmag_rmag_Kmag,0.03947368421052632
268,umag_gmag_Kmag,umag_rmag_Hmag,0.034013605442176874
1031,gmag_rmag_Jmag,rmag_Jmag_Hmag,0.03389830508474576
1123,gmag_imag_Hamag,rmag_Hmag_Kmag,0.03378378378378378
1504,imag_Hamag_Hmag,imag_Hamag_Kmag,0.03378378378378378
1037,gmag_rmag_Jmag,imag_Jmag_Hmag,0.03378378378378378
1480,rmag_Jmag_Kmag,imag_Hmag_Kmag,0.03367003367003367
1531,imag_Hmag_Kmag,Hamag_Jmag_Kmag,0.03367003367003367
1503,imag_Hamag_Jmag,Jmag_Hmag_Kmag,0.033557046979865765
1319,gmag_Jmag_Kmag,rmag_Hmag_Kmag,0.033444816053511704
1518,imag_Hamag_Kmag,Jmag_Hmag_Kmag,0.033444816053511704
815,umag_Hamag_Kmag,gmag_Jmag_Kmag,0.0273972602739726
1056,gmag_rmag_Hmag,rmag_imag_Jmag,0.027303754266211604
1008,gmag_rmag_Hamag,Hamag_Jmag_Hmag,0.027303754266211604
1494,rmag_Hmag_Kmag,Jmag_Hmag_Kmag,0.027303754266211604
1032,gmag_rmag_Jmag,rmag_Jmag_Kmag,0.0272108843537415
1122,gmag_imag_Hamag,rmag_Jmag_Kmag,0.02702702702702703
1492,rmag_Hmag_Kmag,Hamag_Jmag_Kmag,0.02702702702702703
912,umag_Hmag_Kmag,gmag_rmag_Jmag,0.02702702702702703
1522,imag_Jmag_Hmag,Hamag_Jmag_Kmag,0.02702702702702703
1497,imag_Hamag_Jmag,imag_Jmag_Hmag,0.026936026936026935
793,umag_Hamag_Hmag,imag_Jmag_Kmag,0.026936026936026935
1094,gmag_rmag_Kmag,rmag_Hmag_Kmag,0.026755852842809368
1062,gmag_rmag_Hmag,rmag_Jmag_Hmag,0.026755852842809368
1048,gmag_rmag_Hmag,gmag_imag_Kmag,0.026578073089700997
1474,rmag_Jmag_Kmag,rmag_Hmag_Kmag,0.02061855670103093
528,umag_rmag_Kmag,gmag_Jmag_Kmag,0.02061855670103093
1336,gmag_Hmag_Kmag,rmag_Hamag_Kmag,0.02061855670103093
999,gmag_rmag_Hamag,rmag_Jmag_Hmag,0.02061855670103093
1077,gmag_rmag_Kmag,gmag_imag_Hmag,0.02061855670103093
1284,gmag_Hamag_Kmag,Hamag_Jmag_Kmag,0.02061855670103093
1128,gmag_imag_Hamag,imag_Jmag_Kmag,0.02054794520547945
1088,gmag_rmag_Kmag,rmag_imag_Kmag,0.02054794520547945
1025,gmag_rmag_Jmag,rmag_imag_Jmag,0.020477815699658702
1170,gmag_imag_Hmag,rmag_imag_Jmag,0.020477815699658702
1455,rmag_Hamag_Kmag,imag_Jmag_Hmag,0.020477815699658702
1005,gmag_rmag_Hamag,imag_Jmag_Hmag,0.02040816326530612
1057,gmag_rmag_Hmag,rmag_imag_Hmag,0.02040816326530612
1322,gmag_Jmag_Kmag,imag_Hamag_Kmag,0.02027027027027027
1058,gmag_rmag_Hmag,rmag_imag_Kmag,0.02027027027027027
1320,gmag_Jmag_Kmag,imag_Hamag_Jmag,0.0202020202020202
1310,gmag_Jmag_Kmag,rmag_imag_Hamag,0.020000000000000004
1417,rmag_imag_Kmag,Hamag_Jmag_Kmag,0.01384083044982699
1297,gmag_Jmag_Hmag,rmag_Jmag_Kmag,0.01384083044982699
666,umag_imag_Hmag,rmag_Jmag_Hmag,0.01384083044982699
1066,gmag_rmag_Hmag,imag_Hamag_Hmag,0.01384083044982699
1361,rmag_imag_Hamag,imag_Hamag_Kmag,0.01384083044982699
825,umag_Hamag_Kmag,rmag_Jmag_Kmag,0.01384083044982699
834,umag_Hamag_Kmag,Hamag_Jmag_Kmag,0.01384083044982699
1303,gmag_Jmag_Hmag,imag_Jmag_Kmag,0.013793103448275862
1063,gmag_rmag_Hmag,rmag_Jmag_Kmag,0.013793103448275862
1416,rmag_imag_Kmag,Hamag_Jmag_Hmag,0.013793103448275862
1306,gmag_Jmag_Hmag,Hamag_Jmag_Kmag,0.013793103448275862
1177,gmag_imag_Hmag,rmag_Jmag_Kmag,0.013793103448275862
1186,gmag_imag_Hmag,Hamag_Jmag_Kmag,0.01374570446735395
1252,gmag_Hamag_Hmag,rmag_Jmag_Kmag,0.01374570446735395
1038,gmag_rmag_Jmag,imag_Jmag_Kmag,0.01374570446735395
1382,rmag_imag_Jmag,imag_Hmag_Kmag,0.01374570446735395
1400,rmag_imag_Hmag,Hamag_Jmag_Hmag,0.01374570446735395
1387,rmag_imag_Hmag,rmag_imag_Kmag,0.01374570446735395
1449,rmag_Hamag_Kmag,rmag_Jmag_Hmag,0.01374570446735395
923,umag_Hmag_Kmag,gmag_Jmag_Kmag,0.01374570446735395
1525,imag_Jmag_Kmag,imag_Hmag_Kmag,0.01374570446735395
1511,imag_Hamag_Hmag,Jmag_Hmag_Kmag,0.0136986301369863
1471,rmag_Jmag_Hmag,Hamag_Jmag_Kmag,0.0136986301369863
1258,gmag_Hamag_Hmag,imag_Jmag_Kmag,0.0136986301369863
1193,gmag_imag_Kmag,gmag_Jmag_Kmag,0.0136986301369863
1251,gmag_Hamag_Hmag,rmag_Jmag_Hmag,0.0136986301369863
571,umag_imag_Hamag,gmag_Jmag_Hmag,0.0136986301369863
921,umag_Hmag_Kmag,gmag_Hamag_Kmag,0.013559322033898305
292,umag_gmag_Kmag,gmag_Jmag_Hmag,0.013513513513513514
492,umag_rmag_Hmag,rmag_Jmag_Hmag,0.006944444444444445
1463,rmag_Jmag_Hmag,rmag_Hmag_Kmag,0.006944444444444445
1374,rmag_imag_Jmag,rmag_Jmag_Hmag,0.006944444444444445
1064,gmag_rmag_Hmag,rmag_Hmag_Kmag,0.006920415224913495
462,umag_rmag_Hmag,umag_imag_Hmag,0.006920415224913495
1516,imag_Hamag_Kmag,Hamag_Jmag_Kmag,0.006920415224913495
1102,gmag_rmag_Kmag,Hamag_Jmag_Kmag,0.006920415224913495
1351,rmag_imag_Hamag,rmag_imag_Hmag,0.006920415224913495
1167,gmag_imag_Hmag,gmag_Jmag_Kmag,0.006920415224913495
1298,gmag_Jmag_Hmag,rmag_Hmag_Kmag,0.006896551724137931
1520,imag_Jmag_Hmag,imag_Hmag_Kmag,0.006896551724137931
1509,imag_Hamag_Hmag,Hamag_Jmag_Kmag,0.006896551724137931
1176,gmag_imag_Hmag,rmag_Jmag_Hmag,0.006896551724137931
1283,gmag_Hamag_Kmag,Hamag_Jmag_Hmag,0.006896551724137931
1467,rmag_Jmag_Hmag,imag_Jmag_Hmag,0.006896551724137931
1161,gmag_imag_Jmag,Jmag_Hmag_Kmag,0.006896551724137931
1488,rmag_Hmag_Kmag,imag_Jmag_Hmag,0.006872852233676975
1325,gmag_Jmag_Kmag,imag_Hmag_Kmag,0.00684931506849315
1101,gmag_rmag_Kmag,Hamag_Jmag_Hmag,0.00684931506849315
1071,gmag_rmag_Hmag,Hamag_Jmag_Hmag,0.006825938566552901
1350,rmag_imag_Hamag,rmag_imag_Jmag,0.006802721088435375
1513,imag_Hamag_Kmag,imag_Jmag_Kmag,0.0
1515,imag_Hamag_Kmag,Hamag_Jmag_Hmag,0.0
1127,gmag_imag_Hamag,imag_Jmag_Hmag,0.0
547,umag_rmag_Kmag,Hamag_Jmag_Kmag,0.0
918,umag_Hmag_Kmag,gmag_imag_Kmag,0.0
546,umag_rmag_Kmag,Hamag_Jmag_Hmag,0.0
1133,gmag_imag_Hamag,Jmag_Hmag_Kmag,0.0
1498,imag_Hamag_Jmag,imag_Jmag_Kmag,0.0
302,umag_gmag_Kmag,rmag_Jmag_Hmag,0.0
1506,imag_Hamag_Hmag,imag_Jmag_Kmag,0.0
1505,imag_Hamag_Hmag,imag_Jmag_Hmag,0.0
938,umag_Hmag_Kmag,imag_Jmag_Hmag,0.0
544,umag_rmag_Kmag,imag_Jmag_Kmag,0.0
942,umag_Hmag_Kmag,Hamag_Jmag_Kmag,0.0
1512,imag_Hamag_Kmag,imag_Jmag_Hmag,0.0
941,umag_Hmag_Kmag,Hamag_Jmag_Hmag,0.0
1536,Hamag_Jmag_Hmag,Jmag_Hmag_Kmag,0.0
939,umag_Hmag_Kmag,imag_Jmag_Kmag,0.0
933,umag_Hmag_Kmag,rmag_Jmag_Kmag,0.0
922,umag_Hmag_Kmag,gmag_Jmag_Hmag,0.0
1121,gmag_imag_Hamag,rmag_Jmag_Hmag,0.0
1534,Hamag_Jmag_Hmag,Hamag_Jmag_Kmag,0.0
1491,rmag_Hmag_Kmag,Hamag_Jmag_Hmag,0.0
1481,rmag_Jmag_Kmag,Hamag_Jmag_Hmag,0.0
1524,imag_Jmag_Hmag,Jmag_Hmag_Kmag,0.0
1486,rmag_Hmag_Kmag,imag_Hamag_Hmag,0.0
1487,rmag_Hmag_Kmag,imag_Hamag_Kmag,0.0
1479,rmag_Jmag_Kmag,imag_Jmag_Kmag,0.0
1478,rmag_Jmag_Kmag,imag_Jmag_Hmag,0.0
1477,rmag_Jmag_Kmag,imag_Hamag_Kmag,0.0
1476,rmag_Jmag_Kmag,imag_Hamag_Hmag,0.0
1475,rmag_Jmag_Kmag,imag_Hamag_Jmag,0.0
1473,rmag_Jmag_Hmag,Jmag_Hmag_Kmag,0.0
926,umag_Hmag_Kmag,rmag_imag_Jmag,0.0
1490,rmag_Hmag_Kmag,imag_Hmag_Kmag,0.0
928,umag_Hmag_Kmag,rmag_imag_Kmag,0.0
1533,imag_Hmag_Kmag,Jmag_Hmag_Kmag,0.0
1469,rmag_Jmag_Hmag,imag_Hmag_Kmag,0.0
1468,rmag_Jmag_Hmag,imag_Jmag_Kmag,0.0
1526,imag_Jmag_Kmag,Hamag_Jmag_Hmag,0.0
1466,rmag_Jmag_Hmag,imag_Hamag_Kmag,0.0
1465,rmag_Jmag_Hmag,imag_Hamag_Hmag,0.0
1462,rmag_Jmag_Hmag,rmag_Jmag_Kmag,0.0
1519,imag_Jmag_Hmag,imag_Jmag_Kmag,0.0
1530,imag_Hmag_Kmag,Hamag_Jmag_Hmag,0.0
931,umag_Hmag_Kmag,rmag_Hamag_Kmag,0.0
1485,rmag_Hmag_Kmag,imag_Hamag_Jmag,0.0
932,umag_Hmag_Kmag,rmag_Jmag_Hmag,0.0
1111,gmag_imag_Hamag,gmag_Jmag_Hmag,0.0
1508,imag_Hamag_Hmag,Hamag_Jmag_Hmag,0.0
1068,gmag_rmag_Hmag,imag_Jmag_Hmag,0.0
543,umag_rmag_Kmag,imag_Jmag_Hmag,0.0
1311,gmag_Jmag_Kmag,rmag_imag_Jmag,0.0
1043,gmag_rmag_Jmag,Jmag_Hmag_Kmag,0.0
1212,gmag_imag_Kmag,Hamag_Jmag_Kmag,0.0
1317,gmag_Jmag_Kmag,rmag_Jmag_Hmag,0.0
1323,gmag_Jmag_Kmag,imag_Jmag_Hmag,0.0
1326,gmag_Jmag_Kmag,Hamag_Jmag_Hmag,0.0
1211,gmag_imag_Kmag,Hamag_Jmag_Hmag,0.0
1330,gmag_Hmag_Kmag,rmag_imag_Hamag,0.0
1209,gmag_imag_Kmag,imag_Jmag_Kmag,0.0
1208,gmag_imag_Kmag,imag_Jmag_Hmag,0.0
1207,gmag_imag_Kmag,imag_Hamag_Kmag,0.0
1340,gmag_Hmag_Kmag,imag_Hamag_Jmag,0.0
1341,gmag_Hmag_Kmag,imag_Hamag_Hmag,0.0
1022,gmag_rmag_Jmag,gmag_Jmag_Kmag,0.0
1206,gmag_imag_Kmag,imag_Hamag_Hmag,0.0
713,umag_imag_Kmag,imag_Jmag_Hmag,0.0
1203,gmag_imag_Kmag,rmag_Jmag_Kmag,0.0
1202,gmag_imag_Kmag,rmag_Jmag_Hmag,0.0
708,umag_imag_Kmag,rmag_Jmag_Kmag,0.0
1352,rmag_imag_Hamag,rmag_imag_Kmag,0.0
1092,gmag_rmag_Kmag,rmag_Jmag_Hmag,0.0
1356,rmag_imag_Hamag,rmag_Jmag_Hmag,0.0
1313,gmag_Jmag_Kmag,rmag_imag_Kmag,0.0
1308,gmag_Jmag_Hmag,Jmag_Hmag_Kmag,0.0
1358,rmag_imag_Hamag,rmag_Hmag_Kmag,0.0
1087,gmag_rmag_Kmag,rmag_imag_Hmag,0.0
1072,gmag_rmag_Hmag,Hamag_Jmag_Kmag,0.0
1257,gmag_Hamag_Hmag,imag_Jmag_Hmag,0.0
1242,gmag_Hamag_Hmag,gmag_Jmag_Kmag,0.0
1262,gmag_Hamag_Hmag,Hamag_Hmag_Kmag,0.0
1263,gmag_Hamag_Hmag,Jmag_Hmag_Kmag,0.0
1238,gmag_Hamag_Jmag,Hamag_Hmag_Kmag,0.0
1265,gmag_Hamag_Kmag,gmag_Jmag_Kmag,0.0
717,umag_imag_Kmag,Hamag_Jmag_Kmag,0.0
1274,gmag_Hamag_Kmag,rmag_Jmag_Hmag,0.0
1275,gmag_Hamag_Kmag,rmag_Jmag_Kmag,0.0
1053,gmag_rmag_Hmag,gmag_Jmag_Kmag,0.0
1280,gmag_Hamag_Kmag,imag_Jmag_Hmag,0.0
1281,gmag_Hamag_Kmag,imag_Jmag_Kmag,0.0
1235,gmag_Hamag_Jmag,imag_Hmag_Kmag,0.0
1287,gmag_Jmag_Hmag,gmag_Jmag_Kmag,0.0
1078,gmag_rmag_Kmag,gmag_imag_Kmag,0.0
714,umag_imag_Kmag,imag_Jmag_Kmag,0.0
1047,gmag_rmag_Hmag,gmag_imag_Hmag,0.0
1083,gmag_rmag_Kmag,gmag_Jmag_Kmag,0.0
1304,gmag_Jmag_Hmag,imag_Hmag_Kmag,0.0
1086,gmag_rmag_Kmag,rmag_imag_Jmag,0.0
1357,rmag_imag_Hamag,rmag_Jmag_Kmag,0.0
1196,gmag_imag_Kmag,rmag_imag_Jmag,0.0
707,umag_imag_Kmag,rmag_Jmag_Hmag,0.0
1395,rmag_imag_Hmag,imag_Hamag_Hmag,0.0
1397,rmag_imag_Hmag,imag_Jmag_Hmag,0.0
1398,rmag_imag_Hmag,imag_Jmag_Kmag,0.0
1401,rmag_imag_Hmag,Hamag_Jmag_Kmag,0.0
1183,gmag_imag_Hmag,imag_Jmag_Kmag,0.0
1182,gmag_imag_Hmag,imag_Jmag_Hmag,0.0
1407,rmag_imag_Kmag,rmag_Jmag_Hmag,0.0
1408,rmag_imag_Kmag,rmag_Jmag_Kmag,0.0
1411,rmag_imag_Kmag,imag_Hamag_Hmag,0.0
1412,rmag_imag_Kmag,imag_Hamag_Kmag,0.0
1413,rmag_imag_Kmag,imag_Jmag_Hmag,0.0
1414,rmag_imag_Kmag,imag_Jmag_Kmag,0.0
1098,gmag_rmag_Kmag,imag_Jmag_Hmag,0.0
1099,gmag_rmag_Kmag,imag_Jmag_Kmag,0.0
989,gmag_rmag_Hamag,gmag_Jmag_Hmag,0.0
537,umag_rmag_Kmag,rmag_Jmag_Hmag,0.0
538,umag_rmag_Kmag,rmag_Jmag_Kmag,0.0
817,umag_Hamag_Kmag,rmag_imag_Hamag,0.0
824,umag_Hamag_Kmag,rmag_Jmag_Hmag,0.0
830,umag_Hamag_Kmag,imag_Jmag_Hmag,0.0
831,umag_Hamag_Kmag,imag_Jmag_Kmag,0.0
1169,gmag_imag_Hmag,rmag_imag_Hamag,0.0
1396,rmag_imag_Hmag,imag_Hamag_Kmag,0.0
1069,gmag_rmag_Hmag,imag_Jmag_Kmag,0.0
1360,rmag_imag_Hamag,imag_Hamag_Hmag,0.0
1392,rmag_imag_Hmag,rmag_Jmag_Kmag,0.0
1362,rmag_imag_Hamag,imag_Jmag_Hmag,0.0
1363,rmag_imag_Hamag,imag_Jmag_Kmag,0.0
1364,rmag_imag_Hamag,imag_Hmag_Kmag,0.0
1365,rmag_imag_Hamag,Hamag_Jmag_Hmag,0.0
1366,rmag_imag_Hamag,Hamag_Jmag_Kmag,0.0
1368,rmag_imag_Hamag,Jmag_Hmag_Kmag,0.0
1369,rmag_imag_Jmag,rmag_imag_Hmag,0.0
1370,rmag_imag_Jmag,rmag_imag_Kmag,0.0
1195,gmag_imag_Kmag,rmag_imag_Hamag,0.0
1375,rmag_imag_Jmag,rmag_Jmag_Kmag,0.0
1093,gmag_rmag_Kmag,rmag_Jmag_Kmag,0.0
1378,rmag_imag_Jmag,imag_Hamag_Hmag,0.0
1379,rmag_imag_Jmag,imag_Hamag_Kmag,0.0
1380,rmag_imag_Jmag,imag_Jmag_Hmag,0.0
1381,rmag_imag_Jmag,imag_Jmag_Kmag,0.0
1384,rmag_imag_Jmag,Hamag_Jmag_Kmag,0.0
1096,gmag_rmag_Kmag,imag_Hamag_Hmag,0.0
1386,rmag_imag_Jmag,Jmag_Hmag_Kmag,0.0
1097,gmag_rmag_Kmag,imag_Hamag_Kmag,0.0
1185,gmag_imag_Hmag,Hamag_Jmag_Hmag,0.0
1391,rmag_imag_Hmag,rmag_Jmag_Hmag,0.0
508,umag_rmag_Kmag,umag_imag_Kmag,0.0
